date,069500,232080,143850,195930,238720,192090,148070,136340,182490,132030,130680,114800,138230,139660,130730,WORLD_STOCK
20160303,22607,10506,23175,9690,10520,7090,115812,96562,9495,9570,3555,8260,12249,10315,96732,100.00
20160304,22612,10535,23275,9645,10540,7120,115594,96367,9530,9745,3600,8250,12131,10410,96727,100.15
20160307,22659,10482,23290,9640,10515,7154,115599,96535,9565,9725,3765,8230,12087,10430,96732,100.14
20160308,22501,10492,23265,9635,10465,7090,115933,96535,9570,9790,3800,8295,12141,10385,96722,99.78
20160309,22598,10555,23215,9580,10360,7066,115875,96395,9565,9685,3745,8260,12259,10300,96746,99.60
20160310,22807,10613,23255,9590,10480,7081,115764,96576,9555,9640,3810,8200,12126,10415,96732,100.12
20160311,22858,10647,23400,9520,10525,7036,115396,96479,9555,9835,3840,8175,12028,10485,96746,100.16
20160314,22839,10598,23575,9905,10690,7090,115193,96460,9620,9680,3810,8175,11935,10560,96751,101.26
20160315,22821,10535,23515,9900,10675,7031,115328,96483,9620,9460,3710,8185,11974,10540,96741,100.93
20160316,22881,10545,23575,9870,10525,7061,115285,96469,9620,9500,3705,8160,12008,10480,96756,100.82
20160317,23006,10545,23660,9885,10455,7061,115715,96544,9605,9720,3805,8125,11817,10655,96761,100.88
20160318,23020,10603,23800,9750,10365,7179,116107,96553,9645,9790,3855,8110,11714,10755,96761,100.99
20160321,22992,10584,23825,9780,10345,7302,116214,96609,9665,9600,3810,8115,11734,10770,96761,101.27
20160322,23108,10579,23915,9730,10495,7312,116073,96600,9680,9620,3880,8085,11621,10835,96756,101.59
20160323,23090,10521,23870,9720,10520,7238,115740,96349,9675,9520,3875,8090,11704,10770,96751,101.30
20160324,23030,10443,23700,9725,10495,7238,116010,96651,9655,9395,3810,8105,11738,10725,96780,100.98
20160325,22988,10361,23900,9705,10535,7194,116001,96641,9620,9535,3775,8115,11787,10720,96765,100.89
20160328,23025,10279,23800,9565,10580,7258,116073,96600,9605,9385,3810,8105,11748,10740,96761,100.69
20160329,23146,10390,23745,9555,10650,7120,116315,96739,9615,9405,3770,8065,11729,10770,96775,100.69
20160330,23248,10438,24000,9645,10495,7204,116726,96753,9610,9545,3760,8030,11601,10885,96789,101.14
20160331,23150,10400,24020,9730,10470,7184,116586,96781,9625,9490,3720,8075,11527,10945,96823,101.08
20160401,22821,10521,23895,9555,10085,7149,116581,96851,9645,9505,3705,8170,11635,10860,96828,99.95
20160404,22863,10574,24160,9450,10020,7228,116644,96851,9655,9380,3625,8155,11557,10920,96813,100.14
20160405,22672,10584,23995,9480,9790,7322,116547,96869,9660,9450,3540,8220,11650,10840,96833,99.79
20160406,22788,10496,23895,9285,9760,7287,116654,96865,9640,9485,3595,8185,11650,10825,96823,99.19
20160407,22802,10598,24085,9325,9815,7253,116465,96883,9670,9490,3680,8185,11611,10875,96847,99.58
20160408,22756,10569,23895,9215,9865,7149,116484,96865,9670,9530,3665,8200,11630,10875,96861,99.02
20160411,22774,10429,23815,9320,9750,7268,116659,96878,9680,9625,3775,8190,11557,10940,96871,99.03
20160412,22955,10453,23845,9365,9915,7218,116654,96888,9735,9670,3845,8135,11542,10955,96861,99.47
20160413,22955,10453,23845,9365,9915,7218,116654,96888,9735,9670,3845,8135,11542,10955,96861,99.47
20160414,23424,10390,24250,9725,10505,7346,116117,96837,9850,9535,3920,8015,11640,10850,96847,101.91
20160415,23405,10419,24275,9765,10440,7312,116189,96837,9820,9495,3920,7995,11552,10945,96852,101.84
20160418,23326,10356,24125,9655,10125,7218,116185,96865,9815,9510,3695,8015,11596,10925,96885,100.66
20160419,23359,10492,24400,9795,10570,7199,116185,96576,9745,9520,3810,8000,11454,11045,96885,102.03
20160420,23280,10467,24410,9920,10490,7012,116460,96888,9795,9615,3825,8030,11439,11070,96890,101.58
20160421,23461,10424,24595,10050,10770,7076,116368,96888,9880,9670,4045,7965,11419,11075,96895,102.60
20160422,23373,10429,24355,10070,10910,7071,116441,96934,9885,9615,4015,7995,11498,11005,96909,102.62
20160425,23345,10482,24390,10075,10865,7041,116330,96953,9880,9535,3985,8010,11567,10935,96909,102.58
20160426,23415,10463,24345,10060,10820,7021,116552,96976,9875,9535,4000,7975,11581,10925,96919,102.43
20160427,23415,10385,24340,10025,10745,7051,116547,96916,9875,9580,4090,7980,11567,10950,96895,102.19
20160428,23174,10336,24285,9970,10385,6977,116547,97023,9875,9650,4135,8060,11478,11030,96905,101.05
20160429,23098,10332,24190,9945,10380,7071,116736,97004,9875,9820,4220,8095,11478,11035,96933,101.10
20160502,22923,10137,24090,9755,10025,6972,116741,96934,9850,9970,4145,8140,11454,11040,96943,99.45
20160503,22994,10322,24235,9780,10120,7046,116717,97013,9845,9930,4130,8120,11498,11015,96972,100.28
20160504,22876,10234,24065,9600,10115,7100,116997,97092,9845,9860,4045,8170,11626,10890,96972,99.75
20160505,22876,10234,24065,9600,10115,7100,116997,97092,9845,9860,4045,8170,11626,10890,96972,99.75
20160506,22876,10234,24065,9600,10115,7100,116997,97092,9845,9860,4045,8170,11626,10890,96972,99.75
20160509,22838,10249,24075,9590,10100,6923,117007,97139,9855,9855,4140,8180,11738,10805,97001,99.30
20160510,22928,10312,24135,9595,10305,6948,117041,97153,9795,9750,4030,8145,11802,10720,96996,99.91
20160511,22904,10375,24305,9695,10310,6987,117162,97143,9815,9790,4090,8160,11753,10760,96943,100.38
20160512,22852,10395,24180,9560,10345,6898,117137,97143,9835,9800,4215,8175,11699,10810,96977,99.90
20160513,22673,10356,24015,9530,10225,6913,117079,97120,9840,9820,4255,8240,11797,10745,96972,99.39
20160516,22706,10322,23990,9515,10290,6943,117055,97111,9900,9835,4300,8235,11881,10670,96972,99.49
20160517,22720,10225,24200,9595,10170,6938,116925,97078,9845,9855,4385,8235,11817,10720,96981,99.42
20160518,22593,10040,23940,9555,10365,6928,116804,97041,9860,9800,4405,8295,11905,10635,96991,99.08
20160519,22531,9967,23880,9500,10390,6982,116518,96995,9865,9670,4310,8310,11989,10550,97010,98.95
20160520,22531,10098,24010,9505,10395,6977,116867,97046,9900,9650,4400,8305,11984,10565,97015,99.26
20160523,22593,10191,24015,9580,10300,6977,116780,97046,9900,9630,4335,8285,11905,10620,97029,99.44
20160524,22432,10127,23950,9475,10265,6938,116987,97115,9915,9600,4330,8345,12003,10545,97048,98.84
20160525,22749,10234,24400,9735,10445,6943,117007,97115,9940,9450,4430,8230,11925,10635,97034,100.31
20160526,22706,10171,24440,9880,10455,6893,116983,97125,9960,9485,4480,8235,11900,10655,97005,100.35
20160527,22824,10215,24530,9880,10475,6923,117031,97115,9970,9405,4425,8205,11891,10665,97020,100.67
20160530,22772,10244,24625,9945,10555,6957,116813,97055,9970,9260,4425,8220,12003,10550,97034,101.07
20160531,22956,10322,24630,10065,10740,7149,116842,97078,9965,9325,4470,8160,12008,10555,97034,102.30
20160601,22971,10346,24550,9960,10530,7159,117268,97213,9990,9360,4410,8155,12003,10545,97044,101.81
20160602,23013,10351,24565,9870,10300,7125,117239,97222,9975,9345,4425,8140,11964,10600,97063,101.25
20160603,23051,10346,24685,9915,10325,7159,117244,97260,9925,9315,4440,8130,11925,10630,97068,101.55
20160606,23051,10346,24685,9915,10325,7159,117244,97260,9925,9315,4440,8130,11925,10630,97068,101.55
20160607,23358,10405,24750,9770,10415,7061,117795,97315,9960,9560,4480,8035,11719,10815,97077,101.59
20160608,23594,10434,24735,9805,10460,7021,117873,97334,9990,9610,4565,7995,11650,10870,97087,101.83
20160609,23585,10400,24770,9760,10405,7026,118163,97447,10085,9700,4650,8015,11645,10875,97144,101.64
20160610,23490,10468,24760,9675,10290,7031,118405,97504,10020,9755,4580,8010,11738,10810,97144,101.35
20160613,23004,10225,24495,9420,10010,6972,118613,97532,10020,9865,4450,8145,11827,10735,97164,99.38
20160614,22928,10239,24375,9255,9885,6908,118487,97494,10050,9835,4430,8160,11822,10740,97173,98.62
20160615,22919,10181,24290,9160,9920,6967,118530,97489,10005,9915,4355,8170,11846,10725,97168,98.50
20160616,22744,10093,24225,9155,9630,6849,118874,97527,10020,10020,4315,8230,11797,10765,97197,97.42
20160617,22782,10015,24395,9275,9720,6908,118869,97518,9915,9900,4290,8205,11817,10735,97202,97.94
20160620,23098,10108,24525,9565,9945,6908,118617,97480,9940,9860,4420,8095,11704,10845,97197,99.29
20160621,23098,10132,24495,9570,10045,6908,118540,97480,10055,9895,4465,8095,11655,10880,97188,99.48
20160622,23230,10093,24490,9640,10025,6933,118559,97485,10060,9710,4510,8050,11650,10910,97188,99.66
20160623,23245,10025,24580,9665,10110,6859,118632,97532,10065,9745,4470,8050,11606,10935,97188,99.63
20160624,22498,9505,23530,8660,9290,6889,119585,97734,10095,10190,4310,8305,11910,10655,97212,94.52
20160627,22560,9612,23725,8920,9500,6903,120040,97842,10025,10260,4325,8285,11920,10650,97240,95.73
20160628,22616,9772,23640,8900,9545,6943,120165,97715,9975,10165,4285,8250,11812,10740,97236,96.11
20160629,22886,9942,23930,9040,9700,6903,120228,97809,9910,10185,4395,8170,11719,10830,97231,97.20
20160630,23051,10030,24255,9195,9740,6903,120349,97852,9970,10125,4480,8145,11621,10925,97245,98.03
20160701,23240,10195,24570,9330,9775,6913,120867,97880,10070,10280,4425,8050,11557,10990,97260,98.96
20160704,23320,10244,24710,9330,9810,6972,120828,97908,10020,10380,4480,8025,11567,10975,97264,99.39
20160705,23292,10234,24615,9250,9710,6962,120954,97937,10105,10365,4405,8045,11670,10890,97274,98.96
20160706,22824,10166,24415,9005,9530,7021,121026,97960,9955,10560,4315,8195,11773,10800,97274,97.78
20160707,23084,10341,24635,9055,9515,6982,121152,97913,10105,10555,4340,8105,11660,10890,97293,98.37
20160708,22966,10268,24545,9070,9425,6982,121244,97913,10140,10470,4235,8145,11714,10850,97288,97.98
20160711,23306,10302,25040,9195,9800,7002,121186,97965,10080,10500,4230,8035,11586,10985,97288,99.53
20160712,23306,10307,25035,9305,9970,7012,121079,97899,10200,10425,4215,8045,11596,10950,97298,100.04
20160713,23462,10346,25165,9500,10140,7125,121065,97998,10240,10320,4270,8000,11572,10970,97303,101.21
20160714,23504,10302,25230,9445,10150,7090,121466,98002,10135,10275,4230,7985,11498,11040,97312,101.04
20160715,23622,10205,25300,9565,10240,7046,121239,97946,10170,10280,4220,7950,11454,11090,97312,101.28
20160718,23665,10239,25350,9630,10290,7051,121021,98007,10145,10230,4245,7925,11473,11065,97312,101.60
20160719,23632,10264,25340,9590,10350,6992,120867,97974,10165,10235,4185,7940,11473,11075,97317,101.50
20160720,23589,10322,25350,9515,10300,7007,120809,98040,10260,10210,4185,7945,11518,11040,97317,101.40
20160721,23613,10356,25485,9625,10380,7026,120717,98026,10255,10120,4225,7935,11478,11090,97322,101.93
20160722,23599,10283,25355,9630,10300,6997,120804,98045,10295,10200,4170,7940,11464,11095,97327,101.52
20160725,23613,10307,25460,9650,10320,7007,120881,98073,10205,10125,4120,7940,11488,11060,97336,101.73
20160726,23821,10264,25450,9655,10220,7041,120992,98007,10230,10135,4085,7865,11459,11080,97336,101.73
20160727,23807,10200,25485,9665,10375,6884,121084,98087,10280,10125,4060,7870,11449,11125,97346,101.54
20160728,23755,10220,25455,9745,10235,6893,121283,98153,10155,10295,3960,7890,11356,11210,97346,101.45
20160729,23736,10268,25430,9690,10190,6908,121316,98129,10275,10290,3890,7895,11326,11230,97355,101.36
20160801,23929,10191,25575,9850,10275,6820,121466,98134,10250,10340,3960,7835,11204,11350,97355,101.68
20160802,23745,10098,25450,9660,10130,6775,121321,98191,10170,10395,3865,7890,11213,11350,97355,100.63
20160803,23443,10093,25255,9455,9985,6834,120871,98139,10145,10495,3810,7975,11277,11275,97360,99.83
20160804,23495,10122,25345,9535,10070,6810,120939,98129,10235,10365,3885,7965,11248,11300,97370,100.20
20160805,23750,10015,25400,9570,10100,6815,121210,98177,10295,10480,3915,7885,11213,11335,97370,100.36
20160808,23929,10103,25535,9700,10355,6825,120871,98144,10285,10265,3935,7835,11194,11355,97370,101.40
20160809,24114,10205,25510,9680,10410,6854,120905,98134,10220,10205,3955,7780,11159,11390,97370,101.81
20160810,24033,10380,25540,9845,10395,6839,121137,98214,10235,10390,3955,7800,11056,11505,97379,102.29
20160811,24062,10254,25530,9830,10350,6874,121205,98233,10230,10295,3935,7790,11096,11455,97389,102.09
20160812,24147,10312,25580,9840,10500,6908,121012,98205,10240,10280,4045,7770,11120,11420,97389,102.62
20160815,24147,10312,25580,9840,10500,6908,121012,98205,10240,10280,4045,7770,11120,11420,97389,102.62
20160816,24133,10234,25640,9845,10315,7090,121084,98205,10240,10360,4130,7765,11027,11515,97394,102.68
20160817,24114,10176,25615,9750,10370,7149,120905,98195,10255,10300,4200,7785,11184,11365,97389,102.62
20160818,24289,10234,25605,9725,10220,7174,121065,98242,10335,10365,4245,7725,11189,11360,97403,102.61
20160819,24345,10215,25605,9720,10285,7204,120920,98219,10315,10365,4365,7700,11287,11265,97403,102.79
20160822,24204,10020,25590,9615,10275,7159,120823,98186,10325,10225,4300,7745,11375,11180,97413,102.04
20160823,24331,10045,25610,9620,10260,7130,120871,98228,10300,10260,4235,7710,11257,11270,97408,102.10
20160824,24218,10025,25660,9720,10290,7135,121017,98257,10305,10235,4250,7745,11321,11215,97408,102.26
20160825,24260,9996,25560,9770,10240,7041,120891,98158,10330,10150,4245,7730,11262,11270,97413,101.95
20160826,24166,9933,25530,9665,10150,7021,120900,98158,10315,10125,4260,7750,11238,11295,97432,101.38
20160829,24170,9719,25420,9715,10255,7031,120731,98177,10305,10095,4245,7755,11365,11190,97413,101.23
20160830,24270,9748,25600,9745,10310,7041,120881,98167,10345,10105,4255,7725,11311,11245,97413,101.64
20160831,24180,9699,25565,9805,10400,7031,120344,98068,10340,10050,4195,7755,11267,11290,97413,101.70
20160901,24118,9865,25550,9805,10395,7105,120073,98064,10325,10040,4100,7770,11316,11205,97427,102.10
20160902,24166,9904,25465,9810,10475,7012,119890,98040,10325,10030,4005,7750,11272,11250,97432,102.06
20160905,24473,9942,25620,10000,10515,7026,120049,98082,10365,10165,4070,7665,11159,11370,97432,102.88
20160906,24563,9899,25560,10040,10540,7046,120136,98101,10365,10165,4105,7635,11145,11385,97437,102.99
20160907,24515,9816,25670,10010,10420,6987,120543,98097,10370,10355,4095,7645,11002,11525,97447,102.49
20160908,24511,9884,25645,9990,10400,6962,120533,98172,10385,10330,4200,7640,11032,11490,97456,102.46
20160909,24222,9797,25570,9960,10510,6992,120127,98059,10390,10250,4255,7730,11086,11455,97451,102.26
20160912,23613,9573,24765,9775,10295,6903,119585,97969,10360,10160,4105,7910,11223,11305,97456,100.03
20160913,23698,9641,25230,9850,10390,6903,119517,97974,10350,10170,4145,7885,11302,11225,97461,100.80
20160914,23698,9641,25230,9850,10390,6903,119517,97974,10350,10170,4145,7885,11302,11225,97461,100.80
20160915,23698,9641,25230,9850,10390,6903,119517,97974,10350,10170,4145,7885,11302,11225,97461,100.80
20160916,23698,9641,25230,9850,10390,6903,119517,97974,10350,10170,4145,7885,11302,11225,97461,100.80
20160919,23944,9704,25235,9615,10330,6943,119396,97988,10320,10090,4105,7810,11287,11250,97461,100.69
20160920,23981,9826,25195,9685,10265,7012,119440,97998,10340,10095,4045,7800,11307,11225,97471,101.08
20160921,24142,9889,25225,9600,10400,6972,119396,98012,10345,10100,4090,7750,11321,11210,97466,101.30
20160922,24355,9991,25385,9685,10365,6933,119894,98120,10350,10235,4110,7685,11140,11395,97480,101.73
20160923,24336,10030,25525,9855,10300,6967,120194,98035,10395,10230,4105,7690,11130,11400,97490,102.15
20160926,24256,9952,25370,9835,10225,6898,120378,98078,10400,10230,4080,7720,11179,11340,97485,101.53
20160927,24421,9996,25350,9690,10360,6839,120238,98064,10340,10240,4110,7660,11071,11445,97485,101.54
20160928,24350,9952,25325,9660,10245,6844,120383,97993,10390,10165,4075,7690,11071,11470,97480,101.17
20160929,24520,9981,25510,9830,10415,6889,120543,98059,10400,10145,4200,7625,11091,11445,97495,102.14
20160930,24256,9806,25165,9630,10310,6874,121239,98181,10400,10175,4180,7715,11125,11425,97514,100.88
20161003,24256,9806,25165,9630,10310,6874,121239,98181,10400,10175,4180,7715,11125,11425,97514,100.88
20161004,24397,9855,25325,9640,10420,6928,120697,98026,10430,10025,4280,7665,11184,11355,97509,101.49
20161005,24383,9806,25255,9765,10500,6884,120218,98021,10430,9725,4335,7670,11248,11295,97509,101.60
20161006,24553,9763,25355,9830,10600,6913,120001,97937,10430,9705,4370,7630,11238,11305,97519,102.05
20161007,24478,9612,25310,9810,10475,6938,119885,97918,10430,9595,4415,7650,11262,11270,97523,101.53
20161010,24515,9636,25370,9770,10475,6962,119909,97889,10420,9685,4335,7635,11194,11345,97519,101.63
20161011,24175,9578,25385,9815,10575,7021,119135,97889,10420,9630,4430,7750,11316,11225,97509,101.69
20161012,24156,9583,25170,9815,10510,7031,119295,97786,10470,9600,4425,7750,11346,11190,97514,101.46
20161013,23944,9461,24970,9760,10540,7061,119928,97993,10470,9660,4340,7825,11454,11070,97538,100.99
20161014,24067,9476,25050,9735,10585,7076,120069,97946,10460,9595,4400,7780,11429,11095,97533,101.22
20161017,24104,9441,24945,9800,10615,7076,119314,97861,10450,9590,4375,7770,11503,11045,97538,101.27
20161018,24270,9495,25125,9770,10610,7056,119203,97748,10450,9615,4395,7720,11415,11115,97533,101.50
20161019,24298,9505,25150,9890,10610,7051,119295,97861,10450,9650,4430,7710,11361,11190,97538,101.75
20161020,24322,9456,25245,9905,10730,7046,119217,97824,10500,9730,4435,7700,11390,11150,97547,101.95
20161021,24204,9398,25140,9980,10730,7076,119275,97776,10505,9680,4390,7740,11454,11070,97543,101.89
20161024,24388,9300,25210,10010,10730,7169,118995,97654,10510,9670,4415,7685,11429,11095,97543,102.16
20161025,24350,9223,25285,10020,10815,7189,119082,97720,10515,9695,4435,7700,11454,11075,97538,102.25
20161026,24052,9257,25150,9985,10915,7140,119198,97621,10510,9755,4365,7790,11454,11080,97538,101.99
20161027,24161,9456,25090,9935,10790,7149,118748,97621,10450,9700,4330,7750,11527,10990,97543,102.14
20161028,24175,9291,25020,10010,10870,7174,118289,97499,10490,9700,4345,7745,11557,10960,97552,102.12
20161031,24128,9184,25120,9960,10855,7145,118521,97569,10460,9790,4270,7770,11542,10985,97552,101.78
20161101,24137,9198,25080,9905,10860,7199,118260,97569,10450,9780,4210,7770,11518,11020,97557,101.82
20161102,23821,8975,24710,9820,10680,7199,118221,97565,10410,9905,4165,7870,11596,10920,97567,100.51
20161103,23901,9023,24635,9720,10685,7204,118617,97593,10370,9960,4140,7845,11498,11025,97576,100.46
20161104,23816,8970,24580,9705,10610,7228,118530,97654,10365,9925,4090,7870,11552,10985,97581,100.18
20161107,24048,9145,24815,9620,10680,7194,118497,97546,10370,9855,4080,7795,11542,10990,97581,100.71
20161108,24100,9159,25090,9735,10705,7199,118400,97706,10400,9800,4085,7785,11454,11065,97581,101.21
20161109,23603,8853,24125,9415,10215,7194,119000,97748,10390,10085,4020,7935,11601,10930,97595,98.31
20161110,24071,9184,25545,9935,10900,7332,117534,97560,10375,9855,4115,7785,11626,10925,97615,102.53
20161111,23830,9101,25580,9885,10880,7445,116431,97489,10375,9670,4075,7855,11753,10780,97600,102.37
20161114,23641,9057,25625,9920,11085,7484,115261,97329,10375,9325,4000,7915,11822,10715,97586,102.66
20161115,23556,8970,25465,9915,11075,7470,115004,97254,10280,9390,4015,7950,11807,10715,97576,102.27
20161116,23641,9116,25695,9920,11180,7494,114980,97188,10350,9430,4120,7920,11797,10725,97576,102.99
20161117,23627,9116,25665,9880,11155,7440,114714,96967,10335,9380,4070,7920,11861,10660,97571,102.72
20161118,23618,8999,25735,9870,11250,7484,114342,97028,10365,9200,4055,7920,11920,10600,97571,102.77
20161121,23570,8838,25785,9800,11255,7514,114269,96967,10365,9280,4140,7945,11954,10570,97552,102.42
20161122,23840,8892,25915,9890,11290,7563,114322,97024,10355,9320,4300,7850,11846,10660,97567,103.13
20161123,23929,8780,25995,9920,11290,7563,114342,96934,10385,9255,4225,7825,11861,10640,97557,103.08
20161124,23807,8697,25955,9880,11480,7593,113868,96802,10450,9040,4235,7860,11891,10620,97567,103.09
20161125,23816,8726,26005,9875,11465,7612,114032,96859,10425,9025,4180,7860,11861,10645,97543,103.20
20161128,23887,8649,26050,9930,11400,7701,114100,96840,10415,9095,4115,7835,11787,10700,97557,103.33
20161129,23896,8702,25940,9810,11440,7740,114439,97024,10425,9110,4150,7840,11778,10710,97567,103.31
20161130,24015,8668,26010,9825,11460,7716,114487,97033,10425,9075,4100,7800,11783,10715,97576,103.38
20161201,24033,8673,25950,9855,11550,7731,113786,96934,10425,8990,4355,7800,11773,10730,97586,103.58
20161202,23863,8512,25780,9760,11420,7721,113278,96991,10410,8965,4355,7855,11817,10675,97600,102.64
20161205,23835,8376,25775,9670,11355,7558,113708,96948,10420,8995,4445,7860,11851,10660,97624,101.73
20161206,24123,8473,25995,9900,11450,7602,114061,97085,10480,8930,4490,7770,11797,10715,97634,102.92
20161207,24189,8425,26105,10030,11550,7543,113858,97066,10495,8935,4440,7755,11787,10740,97643,103.18
20161208,24600,8493,26400,10205,11665,7524,114037,97132,10500,8990,4400,7635,11689,10825,97653,104.24
20161209,24615,8658,26535,10280,11815,7563,113761,97028,10510,8920,4450,7615,11758,10740,97663,105.12
20161212,24582,8790,26660,10400,11910,7396,113205,97094,10555,8835,4600,7630,11778,10735,97672,105.40
20161213,24629,8877,26585,10350,11955,7396,113568,97085,10555,8870,4550,7610,11768,10750,97677,105.54
20161214,24652,8897,26755,10460,12030,7386,114192,97294,10580,8865,4515,7605,11802,10725,97701,105.98
20161215,24643,8989,26670,10415,11995,7278,113727,97223,10545,8730,4500,7600,11895,10635,97701,105.72
20161216,24704,9018,26725,10440,12095,7278,113974,97251,10550,8650,4480,7585,11945,10585,97696,106.04
20161219,24723,8965,26750,10540,12090,7268,114027,97256,10520,8715,4550,7585,11979,10570,97701,106.11
20161220,24780,8902,26750,10510,12110,7214,114269,97242,10525,8680,4515,7570,12043,10510,97720,105.87
20161221,24747,8843,26810,10560,12055,7312,114395,97213,10570,8685,4595,7575,12028,10510,97710,106.01
20161222,24733,8795,26670,10545,12010,7386,114555,97318,10570,8630,4545,7585,12092,10445,97720,105.90
20161223,24700,8897,26665,10565,12040,7337,114729,97389,10585,8640,4555,7590,12141,10430,97725,106.04
20161226,24747,8867,26820,10570,12100,7366,114632,97385,10590,8825,4535,7585,12116,10440,97720,106.28
20161227,24785,8892,26750,10600,12030,7361,114472,97385,10595,8720,4565,7580,12185,10390,97725,106.25
20161228,24865,9101,26730,10635,12095,7401,114943,97499,10590,8735,4620,7550,12205,10370,97749,106.96
20161229,24879,9159,26600,10580,11990,7396,115291,97575,10575,8780,4640,7540,12190,10375,97759,106.74
20161230,24879,9159,26600,10580,11990,7396,115291,97575,10575,8780,4640,7540,12190,10375,97759,106.74
20170102,24964,9130,26450,10600,11870,7346,115251,97537,10600,8900,4615,7525,12200,10375,97778,106.38
20170103,25163,9164,26520,10750,11975,7415,115369,97613,10620,8845,4675,7465,12140,10420,97788,107.21
20170104,25191,9227,26635,10805,12150,7445,114962,97613,10630,8890,4605,7460,12165,10390,97798,107.85
20170105,25092,9232,26785,10805,12150,7499,115109,97699,10660,8990,4640,7490,11977,10555,97822,108.02
20170106,25201,9247,26795,10790,12200,7450,115359,97699,10655,8990,4650,7455,12041,10495,97827,108.07
20170109,25262,9262,26925,10740,12210,7474,114668,97637,10660,8965,4670,7440,12200,10370,97827,108.22
20170110,25229,9130,26760,10650,12045,7455,114776,97675,10680,9060,4585,7455,12066,10470,97832,107.39
20170111,25683,9125,26765,10710,12060,7425,114742,97699,10700,9075,4515,7305,12071,10475,97832,107.75
20170112,25749,9057,26785,10760,11935,7287,115153,97761,10690,9140,4570,7305,11962,10585,97841,107.24
20170113,25683,9086,26815,10735,12000,7312,115055,97747,10685,9090,4635,7310,11853,10660,97851,107.39
20170116,25541,9047,26840,10785,11955,7248,114781,97789,10695,9140,4610,7350,11942,10600,97856,107.09
20170117,25640,8970,26810,10705,11755,7253,114742,97799,10690,9220,4590,7325,11863,10665,97866,106.57
20170118,25626,9043,26830,10635,11735,7287,114810,97794,10700,9250,4590,7330,11783,10740,97866,106.66
20170119,25640,9047,26825,10715,11855,7366,114316,97737,10660,9165,4530,7320,11882,10640,97875,107.18
20170120,25602,8945,26815,10655,11920,7386,114551,97789,10690,9205,4505,7335,11813,10705,97880,106.99
20170123,25579,8877,26735,10695,11810,7386,114904,97837,10690,9280,4550,7340,11768,10745,97885,106.69
20170124,25583,8838,26765,10615,11740,7366,114952,97856,10680,9270,4545,7340,11768,10745,97885,106.35
20170125,25678,8824,26940,10670,11855,7371,114835,97856,10695,9150,4530,7315,11778,10745,97900,106.78
20170126,25886,8872,27210,10760,12040,7356,114311,97756,10705,9090,4540,7255,11709,10815,97900,107.59
20170127,25886,8872,27210,10760,12040,7356,114311,97756,10705,9090,4540,7255,11709,10815,97900,107.59
20170130,25886,8872,27210,10760,12040,7356,114311,97756,10705,9090,4540,7255,11709,10815,97900,107.59
20170131,25744,8867,26850,10570,11845,7381,114526,97818,10710,9170,4490,7295,11729,10780,97895,106.70
20170201,25820,9009,26920,10550,11950,7346,114546,97828,10715,9180,4495,7270,11694,10815,97914,107.12
20170202,25720,8892,26790,10560,11750,7346,114507,97842,10715,9260,4550,7310,11585,10910,97934,106.45
20170203,25739,8897,26885,10595,11720,7273,114399,97832,10730,9260,4560,7295,11590,10895,97929,106.37
20170206,25801,8936,27110,10580,11760,7189,114536,97880,10740,9325,4590,7280,11496,10995,97943,106.47
20170207,25777,8906,27050,10540,11700,7174,114904,97966,10745,9380,4525,7295,11555,10930,97953,106.16
20170208,25654,8911,27075,10485,11785,7209,114766,97947,10770,9400,4450,7330,11585,10895,97953,106.23
20170209,25692,8911,27095,10555,11725,7302,115114,97989,10765,9450,4470,7320,11575,10930,97968,106.52
20170210,25739,8921,27255,10610,12005,7376,114531,97932,10755,9320,4500,7305,11620,10875,97968,107.38
20170213,25753,8940,27390,10665,12065,7337,114526,97961,10760,9370,4555,7305,11635,10865,97973,107.60
20170214,25683,8931,27505,10670,12000,7322,114742,97980,10785,9335,4500,7325,11496,10995,97982,107.48
20170215,25763,9009,27650,10795,12155,7322,114683,97966,10795,9305,4470,7300,11545,10965,97977,108.23
20170216,25749,9028,27770,10860,12080,7297,114786,97970,10780,9385,4475,7305,11535,10955,97992,108.27
20170217,25749,9057,27730,10800,12005,7307,114943,97970,10780,9385,4430,7305,11580,10930,97997,108.12
20170220,25834,9077,27850,10810,12020,7435,114585,97947,10800,9380,4490,7280,11595,10900,97997,108.65
20170221,26070,9101,27830,10750,12070,7465,114252,97947,10810,9385,4480,7215,11585,10925,98007,108.90
20170222,26122,9111,27945,10810,12055,7435,113831,97885,10855,9365,4480,7195,11545,10960,98007,109.04
20170223,26132,9052,27930,10785,12055,7386,114154,97942,10890,9395,4465,7195,11501,11005,98011,108.75
20170224,25933,9028,27920,10780,12040,7327,114791,98008,10910,9500,4495,7255,11421,11060,98011,108.39
20170227,25815,8989,27995,10760,11955,7317,114678,98008,10905,9550,4485,7280,11451,11040,98016,108.09
20170228,25862,8984,27990,10715,11910,7292,114742,97994,10895,9510,4490,7275,11431,11065,98016,107.90
20170301,25862,8984,27990,10715,11910,7292,114742,97994,10895,9510,4490,7275,11431,11065,98016,107.90
20170302,26103,8960,28310,10925,12200,7386,114237,97866,10915,9460,4460,7210,11545,10955,98031,109.25
20170303,25853,8838,28105,10980,12135,7356,113943,97885,10920,9345,4410,7280,11679,10820,98036,108.62
20170306,25881,8887,28080,10950,12105,7376,113772,97818,10910,9335,4440,7265,11704,10805,98036,108.68
20170307,26037,8916,28110,11010,12095,7401,113444,97747,10885,9295,4450,7225,11590,10905,98036,109.01
20170308,26084,8892,27990,10900,11975,7366,113493,97761,10845,9245,4425,7215,11570,10915,98031,108.47
20170309,26032,8833,28005,10920,12065,7307,113243,97747,10825,9150,4300,7235,11709,10805,98046,108.35
20170310,26051,8989,28110,11080,12260,7317,113336,97766,10770,9115,4215,7225,11704,10805,98041,109.33
20170313,26344,8965,28085,11060,12280,7342,113458,97804,10775,9185,4095,7140,11575,10915,98050,109.53
20170314,26585,8931,28105,11120,12250,7337,113365,97818,10760,9145,4120,7080,11615,10885,98055,109.68
20170315,26618,8824,28080,11005,12240,7332,113576,97851,10735,9155,4130,7065,11565,10935,98060,109.25
20170316,26812,8892,28290,11130,12220,7332,114536,97985,10805,9310,4160,7015,11451,11040,98070,109.84
20170317,26930,8858,28180,11180,12140,7292,114541,97994,10805,9345,4120,6985,11446,11040,98075,109.64
20170320,26897,8804,28105,11190,12250,7228,114585,98008,10810,9380,4090,6995,11337,11160,98080,109.48
20170321,27157,8853,28070,11180,12160,7278,114796,98061,10780,9330,4115,6935,11332,11165,98084,109.71
20170322,27067,8838,27600,11035,11840,7159,114761,98013,10775,9420,4060,6960,11367,11130,98084,108.29
20170323,27110,8829,27830,11145,11875,7189,114904,98023,10760,9445,4095,6960,11357,11145,98094,108.76
20170324,27067,8848,27835,11170,11975,7268,114830,97985,10770,9430,4045,6960,11357,11135,98094,109.17
20170327,26897,8877,27460,10995,11860,7209,115026,98075,10790,9560,4035,7015,11253,11240,98104,108.26
20170328,26958,8936,27755,11190,12005,7199,115021,98051,10785,9490,4065,6990,11258,11240,98104,109.13
20170329,27048,8955,27915,11250,11950,7243,114825,98042,10825,9465,4075,6975,11268,11220,98114,109.46
20170330,27025,8950,27890,11295,11995,7179,114810,98042,10835,9470,4135,6975,11297,11170,98118,109.40
20170331,26973,9043,27845,11305,11845,7179,114801,98118,10875,9390,4190,6995,11327,11190,98133,109.31
20170403,27039,9208,28000,11400,11915,7184,114815,98108,10830,9435,4235,6975,11292,11210,98138,110.06
20170404,26982,9208,27875,11270,11785,7199,115158,98132,10860,9530,4190,6990,11352,11150,98143,109.57
20170405,26935,9227,27900,11300,11815,7366,115158,98151,10815,9525,4310,7010,11382,11110,98148,110.11
20170406,26831,9276,27805,11130,11655,7401,115016,98156,10880,9475,4265,7040,11471,11020,98162,109.64
20170407,26784,9296,27855,11315,11750,7425,114708,98128,10820,9565,4365,7045,11481,11020,98167,110.19
20170410,26628,9086,27935,11315,11775,7445,114237,98028,10890,9500,4360,7095,11565,10945,98172,109.81
20170411,26519,9169,27875,11245,11740,7450,114311,98104,10885,9530,4430,7120,11600,10895,98182,109.71
20170412,26533,9169,27775,11270,11615,7470,114487,98085,10825,9645,4450,7115,11560,10935,98177,109.55
20170413,26784,9193,27765,11170,11530,7445,114938,98161,10860,9735,4445,7045,11431,11060,98196,109.41
20170414,26665,9140,27755,11220,11520,7415,114938,98180,10860,9700,4355,7070,11535,10965,98191,109.21
20170417,26722,9286,27570,11205,11500,7342,115055,98213,10895,9770,4410,7060,11515,10985,98196,109.18
20170418,26708,9339,27800,11190,11530,7410,114952,98194,10855,9715,4415,7070,11545,10940,98191,109.62
20170419,26590,9373,27665,11075,11560,7322,115286,98242,10860,9735,4385,7095,11540,10950,98206,109.16
20170420,26703,9378,27660,11030,11580,7351,115212,98199,10895,9700,4280,7075,11540,10965,98206,109.27
20170421,26925,9373,27925,11140,11690,7332,115148,98199,10835,9695,4265,7010,11476,11015,98206,109.89
20170424,27067,9257,28120,11420,11830,7278,114732,98170,10885,9625,4205,6975,11441,11050,98216,110.44
20170425,27341,9330,28150,11640,11975,7268,114771,98199,10935,9620,4155,6900,11396,11090,98225,111.34
20170426,27507,9339,28275,11640,12075,7287,114634,98218,10930,9570,4155,6860,11391,11100,98225,111.76
20170427,27559,9300,28170,11615,12070,7297,114649,98261,10950,9585,4145,6840,11441,11055,98245,111.63
20170428,27617,9280,28280,11625,12065,7322,114815,98247,10955,9620,4150,6835,11525,10995,98254,111.77
20170501,27617,9280,28280,11625,12065,7322,114815,98247,10955,9620,4150,6835,11525,10995,98254,111.77
20170502,27833,9285,28290,11595,12205,7292,114507,98199,10970,9500,4090,6785,11441,11040,98269,112.02
20170503,27833,9285,28290,11595,12205,7292,114507,98199,10970,9500,4090,6785,11441,11040,98269,112.02
20170504,28112,9433,28280,11695,12230,7253,114526,98232,10985,9370,4020,6720,11466,11030,98284,112.60
20170505,28112,9433,28280,11695,12230,7253,114526,98232,10985,9370,4020,6720,11466,11030,98284,112.60
20170508,28847,9614,28410,11890,12445,7218,114301,98194,10975,9315,3960,6550,11446,11050,98288,114.09
20170509,28847,9614,28410,11890,12445,7218,114301,98194,10975,9315,3960,6550,11446,11050,98288,114.09
20170510,28535,9599,28240,11910,12480,7194,114144,98175,10990,9275,3915,6620,11486,11000,98293,113.76
20170511,28890,9673,28350,11900,12490,7140,113649,98199,11015,9275,4030,6550,11421,11060,98303,114.08
20170512,28765,9570,28215,11800,12420,7214,113742,98180,11050,9315,4045,6580,11421,11070,98298,113.63
20170515,28832,9609,28350,11920,12440,7218,114046,98266,11020,9345,4080,6560,11382,11105,98322,114.08
20170516,28871,9526,28450,11950,12450,7248,114046,98180,10990,9365,4105,6555,11307,11190,98318,114.15
20170517,28856,9536,28250,11850,12400,7243,114041,98280,11025,9425,4060,6560,11322,11170,98332,113.78
20170518,28799,9482,27975,11650,12255,7204,114227,98299,11015,9520,4090,6575,11396,11115,98337,112.80
20170519,28741,9580,28020,11710,12250,7223,114325,98328,11015,9475,4135,6585,11406,11070,98347,113.13
20170522,28972,9560,28265,11760,12350,7184,114242,98361,11015,9500,4215,6540,11332,11165,98347,113.54
20170523,29058,9570,28325,11670,12305,7228,114198,98304,11020,9530,4200,6515,11387,11120,98347,113.56
20170524,29087,9658,28330,11780,12370,7243,114149,98308,11035,9470,4250,6505,11411,11085,98356,114.07
20170525,29428,9643,28570,11850,12405,7346,114438,98361,11035,9505,4260,6430,11312,11175,98361,114.86
20170526,29611,9653,28585,11770,12345,7386,114644,98385,11045,9485,4045,6390,11352,11150,98366,114.89
20170529,29582,9585,28625,11805,12335,7376,114399,98351,11045,9585,4105,6400,11367,11135,98371,114.78
20170530,29380,9643,28570,11725,12345,7396,114536,98428,11055,9595,4100,6440,11396,11115,98366,114.67
20170531,29385,9717,28505,11715,12325,7425,114948,98432,11045,9565,4075,6440,11357,11160,98371,114.80
20170601,29303,9781,28585,11660,12465,7420,114997,98413,11055,9595,4045,6455,11372,11125,98390,115.04
20170602,29664,9869,28850,11825,12655,7425,114997,98494,11065,9510,3980,6380,11367,11130,98386,116.20
20170605,29620,9962,28880,11850,12620,7401,115070,98456,11080,9695,4000,6390,11327,11170,98395,116.30
20170606,29620,9962,28880,11850,12620,7401,115070,98456,11080,9695,4000,6390,11327,11170,98395,116.30
20170607,29443,10036,28810,11695,12540,7583,115242,98480,11060,9750,3970,6425,11391,11110,98395,116.38
20170608,29591,10139,28855,11655,12445,7667,115614,98466,11025,9735,3850,6400,11372,11130,98405,116.71
20170609,29812,10168,28795,11680,12560,7706,115271,98470,11035,9625,3815,6355,11372,11125,98410,117.19
20170612,29524,9957,28725,11685,12490,7681,114962,98413,11050,9605,3850,6415,11431,11085,98405,116.39
20170613,29688,10065,28840,11615,12490,7716,115486,98432,11050,9585,3865,6375,11431,11075,98410,116.76
20170614,29683,10090,28925,11645,12485,7598,115428,98451,11075,9615,3835,6380,11396,11110,98420,116.60
20170615,29563,10090,28855,11600,12450,7607,115761,98345,11075,9560,3750,6405,11396,11115,98429,116.37
20170616,29572,10095,28835,11600,12525,7676,115462,98437,11055,9495,3745,6405,11506,11015,98429,116.67
20170619,29731,10222,28855,11635,12585,7711,115433,98495,11050,9480,3745,6370,11476,11015,98434,117.27
20170620,29822,10193,29065,11720,12660,7721,115491,98504,11055,9445,3710,6360,11515,10995,98444,117.70
20170621,29635,10085,28905,11585,12625,7799,115575,98442,11045,9440,3640,6390,11585,10920,98439,117.18
20170622,29832,10085,28860,11625,12630,7859,115673,98504,11030,9445,3555,6355,11570,10955,98454,117.51
20170623,29904,10158,28905,11620,12645,7745,115682,98514,11010,9490,3590,6330,11540,10950,98449,117.46
20170626,30067,10168,28880,11635,12650,7893,115824,98519,11020,9500,3640,6300,11530,10985,98449,117.97
20170627,30077,10242,28875,11720,12700,7957,115707,98470,11030,9480,3635,6295,11530,10975,98449,118.50
20170628,29981,10105,28725,11540,12620,8016,115428,98389,11035,9470,3680,6315,11590,10915,98459,117.79
20170629,30187,10173,28975,11615,12715,8016,115295,98427,11035,9465,3750,6275,11575,10950,98463,118.50
20170630,30096,10173,28740,11430,12600,8085,115046,98514,11040,9410,3760,6295,11610,10910,98468,117.96
20170703,30163,10085,28805,11340,12615,7991,114825,98446,10985,9345,3830,6285,11635,10875,98483,117.52
20170704,29976,10002,28800,11490,12590,7873,114365,98442,10975,9270,3870,6325,11674,10845,98483,117.16
20170705,30091,10060,28745,11450,12590,7991,114433,98461,10980,9280,3870,6295,11664,10850,98493,117.54
20170706,30096,10119,28780,11480,12555,8036,114472,98437,10985,9275,3790,6300,11739,10785,98502,117.79
20170707,29976,10124,28575,11365,12510,8031,114080,98374,10975,9240,3750,6320,11709,10810,98507,117.30
20170710,30077,10065,28830,11410,12640,8051,114237,98408,10945,9120,3690,6300,11664,10855,98517,117.75
20170711,30245,9987,28780,11460,12645,8085,114306,98446,10985,9160,3740,6260,11679,10840,98522,117.85
20170712,30240,9859,28735,11500,12640,8016,114458,98446,10960,9225,3800,6265,11610,10900,98517,117.46
20170713,30567,9908,28950,11605,12630,8001,114835,98533,10965,9240,3750,6195,11530,10985,98527,118.04
20170714,30610,9913,28975,11630,12610,8095,114443,98499,11050,9210,3775,6185,11506,11000,98536,118.34
20170717,30740,10060,29125,11645,12675,7967,114644,98528,11050,9295,3795,6160,11451,11060,98536,118.63
20170718,30730,10075,29110,11550,12550,7957,114757,98523,11000,9345,3775,6160,11391,11110,98536,118.27
20170719,30768,10188,29170,11475,12590,8021,114629,98523,11005,9365,3765,6160,11377,11135,98546,118.65
20170720,30927,10320,29295,11490,12665,8144,114806,98586,11065,9345,3820,6130,11431,11070,98561,119.54
20170721,31057,10252,29285,11440,12630,8105,115276,98610,11055,9400,3805,6100,11362,11145,98561,119.24
20170724,31047,10266,29230,11395,12530,8149,115193,98649,11095,9455,3750,6100,11302,11185,98565,119.10
20170725,30893,10144,29245,11350,12550,8065,115144,98668,11035,9465,3770,6135,11327,11190,98561,118.52
20170726,30821,10188,29380,11430,12605,8021,114982,98629,11035,9405,3850,6145,11391,11125,98570,118.77
20170727,30922,10193,29430,11500,12615,7957,115188,98673,11065,9530,3865,6130,11302,11210,98580,118.86
20170728,30320,10016,29285,11450,12550,7982,115075,98663,11065,9505,3880,6250,11382,11120,98585,117.91
20170731,30320,9957,29330,11410,12560,8090,115065,98653,11045,9565,3900,6245,11372,11140,98585,118.03
20170801,30590,9937,29380,11375,12540,8169,114727,98649,11090,9545,3945,6190,11387,11135,98590,118.30
20170802,30672,10011,29340,11455,12605,8193,114904,98629,11055,9530,3870,6175,11411,11105,98599,118.78
20170803,30127,9746,29355,11365,12605,8129,114987,98629,11045,9495,3880,6280,11461,11055,98609,117.60
20170804,30286,9711,29365,11370,12550,8115,114982,98644,11085,9565,3860,6250,11421,11095,98609,117.53
20170807,30305,9888,29370,11520,12625,8120,114712,98620,11065,9500,3915,6250,11451,11070,98609,118.29
20170808,30257,9927,29370,11420,12570,8120,114409,98543,11030,9500,3905,6260,11431,11075,98614,118.08
20170809,29876,9805,29305,11500,12355,8208,114188,98470,11080,9535,3885,6340,11530,10995,98609,117.56
20170810,29737,9809,29280,11420,12425,8238,113836,98495,11060,9640,3935,6365,11600,10930,98614,117.51
20170811,29192,9603,28920,11280,12300,8085,114399,98499,11020,9700,3830,6475,11605,10910,98614,115.69
20170814,29452,9652,29015,11285,12305,8159,114619,98533,11020,9710,3855,6425,11580,10945,98609,116.22
20170815,29452,9652,29015,11285,12305,8159,114619,98533,11020,9710,3855,6425,11580,10945,98609,116.22
20170816,29631,9809,29220,11400,12395,8115,114286,98528,11020,9595,3785,6385,11595,10940,98609,117.03
20170817,29799,9927,29235,11435,12405,8203,114399,98600,11050,9680,3720,6345,11550,10970,98619,117.67
20170818,29770,9923,28905,11335,12260,8238,114693,98668,11025,9720,3740,6355,11590,10925,98624,117.10
20170821,29737,9873,28725,11325,12210,8257,114531,98653,11020,9715,3830,6365,11575,10950,98629,116.81
20170822,29838,9962,28820,11330,12205,8272,114370,98591,11005,9685,3780,6340,11520,10995,98629,117.15
20170823,29857,9927,29085,11380,12220,8262,114365,98624,11020,9675,3775,6340,11501,11010,98643,117.36
20170824,29997,9991,28980,11330,12190,8223,114521,98644,11015,9705,3810,6310,11456,11060,98648,117.28
20170825,30016,10031,28935,11375,12245,8331,114830,98759,11020,9710,3785,6305,11471,11050,98658,117.76
20170828,29843,10104,28910,11310,12250,8464,114904,98740,11035,9785,3780,6345,11387,11120,98663,117.99
20170829,29766,10114,28900,11140,12175,8464,114835,98726,11015,9935,3705,6360,11436,11085,98663,117.53
20170830,29876,10095,29090,11180,12290,8558,114948,98793,11030,9875,3675,6335,11426,11095,98667,118.17
20170831,29693,10178,29205,11200,12380,8499,115026,98851,11040,9820,3640,6375,11456,11050,98682,118.33
20170901,29693,10271,29295,11215,12405,8543,114874,98851,11050,9940,3700,6380,11411,11105,98687,118.74
20170904,29361,10104,29390,11290,12290,8602,114321,98779,11050,10090,3740,6445,11511,11000,98697,118.35
20170905,29332,10104,29310,11305,12185,8760,114463,98779,11075,10045,3755,6450,11496,11025,98701,118.50
20170906,29269,10198,29175,11180,12210,8755,114815,98817,11080,10065,3820,6470,11535,10985,98706,118.36
20170907,29635,10267,29205,11300,12240,8676,114840,98735,11045,10035,3835,6390,11476,11040,98721,118.84
20170908,29655,10232,29215,11320,12150,8750,115193,98783,11040,10170,3855,6385,11461,11075,98716,118.85
20170911,29925,10326,29350,11380,12320,8760,115207,98851,11060,10070,3805,6325,11506,11020,98726,119.71
20170912,29949,10326,29500,11520,12455,8720,115134,98779,11040,9990,3815,6320,11476,11045,98726,120.20
20170913,29963,10330,29600,11510,12480,8617,115276,98908,11070,10010,3815,6320,11471,11055,98731,120.07
20170914,30079,10463,29605,11570,12480,8681,115237,98817,11070,9930,3815,6280,11515,11010,98731,120.66
20170915,30247,10630,29570,11605,12515,8696,115114,98822,11070,10020,3855,6250,11506,11010,98740,121.22
20170918,30734,10763,29710,11590,12535,8705,115095,98947,11075,9925,3885,6145,11456,11060,98740,121.92
20170919,30720,10768,29720,11600,12790,8671,114879,98779,11085,9865,3860,6150,11501,11025,98735,122.28
20170920,30700,10738,29690,11595,12770,8681,114693,98759,11120,9865,3860,6155,11471,11050,98745,122.18
20170921,30725,10615,29710,11620,12805,8676,114967,98759,11135,9780,3865,6150,11520,11000,98750,122.06
20170922,30527,10493,29650,11560,12770,8617,114962,98774,11100,9760,3880,6205,11555,10970,98755,121.36
20170925,30498,10537,29645,11650,12845,8553,115119,98812,11090,9745,3870,6205,11511,11025,98760,121.54
20170926,30344,10571,29620,11630,12805,8577,114629,98754,11130,9875,3915,6235,11555,10970,98755,121.45
20170927,30281,10640,29640,11615,12760,8607,114374,98653,11140,9745,3940,6240,11590,10930,98750,121.53
20170928,30315,10606,29775,11705,12905,8632,113948,98615,11105,9605,3925,6240,11684,10845,98774,122.02
20170929,30551,10601,29795,11710,12900,8632,114036,98697,11110,9645,3900,6200,11654,10885,98789,122.19
20171002,30551,10601,29795,11710,12900,8632,114036,98697,11110,9645,3900,6200,11654,10885,98789,122.19
20171003,30551,10601,29795,11710,12900,8632,114036,98697,11110,9645,3900,6200,11654,10885,98789,122.19
20171004,30551,10601,29795,11710,12900,8632,114036,98697,11110,9645,3900,6200,11654,10885,98789,122.19
20171005,30551,10601,29795,11710,12900,8632,114036,98697,11110,9645,3900,6200,11654,10885,98789,122.19
20171006,30551,10601,29795,11710,12900,8632,114036,98697,11110,9645,3900,6200,11654,10885,98789,122.19
20171009,30551,10601,29795,11710,12900,8632,114036,98697,11110,9645,3900,6200,11654,10885,98789,122.19
20171010,31105,10709,30245,11850,13190,8720,113860,98600,11120,9700,3830,6080,11560,10980,98784,123.98
20171011,31433,10822,30275,11830,13215,8838,113742,98653,11150,9705,3875,6020,11545,10965,98789,124.72
20171012,31635,10881,30300,11875,13270,8863,113953,98735,11170,9755,3895,5980,11530,10990,98794,125.21
20171013,31597,10974,30290,11800,13395,8878,114218,98721,11130,9745,3895,5985,11486,11035,98794,125.45
20171016,31626,11048,30295,11870,13460,8863,113973,98716,11130,9805,3935,5975,11466,11045,98808,125.81
20171017,31693,11377,30380,11880,13515,8809,113919,98663,11130,9705,3915,5970,11515,11005,98799,126.51
20171018,31674,11372,30375,11875,13510,8843,114090,98591,11125,9660,3915,5975,11496,11020,98799,126.55
20171019,31549,11279,30350,11880,13505,8794,113816,98466,11145,9580,3915,6005,11511,11000,98789,126.16
20171020,31717,11407,30445,11860,13545,8824,113360,98259,11175,9640,3890,5965,11506,11010,98750,126.68
20171023,31814,11461,30585,11825,13725,8829,113253,98446,11155,9600,3915,5950,11496,11025,98765,127.17
20171024,31756,11756,30425,11865,13800,8838,113238,98273,11160,9630,3885,5955,11476,11045,98784,127.77
20171025,31780,11765,30460,11870,13730,8878,113140,98316,11160,9585,3925,5950,11476,11050,98784,127.83
20171026,31563,11539,30395,11815,13760,8981,112660,98134,11175,9625,3920,6000,11446,11075,98789,127.42
20171027,31780,11775,30400,11930,13850,8981,112430,97980,11145,9520,3940,5955,11501,11025,98784,128.35
20171030,31876,11746,30520,11970,13930,8878,112885,98081,11130,9525,3990,5940,11446,11075,98774,128.40
20171031,32195,11854,30520,11995,13920,8893,112621,98211,11130,9590,4000,5875,11401,11120,98779,128.87
20171101,32725,11834,30615,12045,14170,8917,112385,98191,11150,9575,4020,5785,11342,11180,98784,129.79
20171102,32609,11844,30480,12050,14245,8863,112699,98259,11145,9610,3980,5800,11337,11185,98799,129.63
20171103,32682,12036,30575,12080,14500,8833,112900,98259,11165,9585,4020,5790,11337,11185,98794,130.46
20171106,32552,12100,30595,12075,14160,8863,112768,98191,11145,9540,4085,5815,11352,11175,98813,130.06
20171107,32518,11992,30830,12125,14510,8961,112635,98230,11160,9610,4180,5815,11307,11205,98823,130.88
20171108,32614,12204,30710,12035,14430,8952,112704,98187,11135,9585,4160,5795,11357,11175,98828,130.94
20171109,32523,12179,30765,12000,14465,8942,112723,98220,11090,9615,4160,5815,11357,11165,98847,130.84
20171110,32436,12381,30700,11885,14350,9090,112714,98215,11080,9645,4175,5835,11372,11160,98842,131.07
20171113,32267,12898,30625,11845,14150,9124,112302,98119,11080,9590,4165,5860,11411,11125,98847,131.52
20171114,32243,13375,30590,11750,14135,9090,112165,98105,11040,9590,4140,5865,11387,11150,98842,132.01
20171115,32045,13749,30565,11660,13935,8966,112327,98129,11045,9620,4020,5890,11327,11200,98852,131.69
20171116,32253,14000,30565,11710,14110,8957,112704,98201,11020,9575,4050,5860,11218,11330,98847,132.58
20171117,32243,13794,30645,11715,14175,8966,112665,98201,11050,9630,4045,5860,11173,11345,98857,132.44
20171120,32103,14089,30540,11645,14075,8976,112719,98235,11075,9685,4130,5890,11203,11320,98857,132.48
20171121,32175,14168,30680,11690,14175,9085,112802,98278,11095,9580,4115,5870,11158,11370,98862,133.27
20171122,32373,13769,30880,11770,14255,9099,112846,98278,11090,9615,4195,5840,11089,11435,98867,133.23
20171123,32315,14232,30795,11720,14300,8804,112988,98418,11080,9675,4210,5850,11054,11480,98876,133.13
20171124,32383,13936,30790,11715,14280,8883,113003,98374,11085,9660,4255,5840,11054,11485,98881,132.88
20171127,31833,13882,30880,11725,14200,8824,113047,98422,11105,9680,4265,5940,11084,11455,98881,132.23
20171128,31920,13346,30830,11730,14220,8745,113233,98485,11100,9695,4210,5920,11044,11485,98886,131.24
20171129,31905,13533,31195,11845,14285,8715,113385,98547,11100,9695,4200,5925,10960,11570,98896,132.04
20171130,31384,13336,31180,11830,14385,8656,113600,98682,11085,9620,4180,6025,11094,11460,98915,131.32
20171201,31375,13754,31400,11820,14445,8696,113458,98682,11085,9570,4195,6020,11064,11480,98920,132.33
20171204,31708,13582,31600,11790,14360,8681,113439,98697,11095,9555,4210,5970,11094,11450,98930,132.21
20171205,31794,13282,31410,11775,14285,8691,113351,98706,11095,9560,4180,5950,11059,11480,98935,131.53
20171206,31341,13119,31195,11640,13990,8656,113654,98735,11095,9485,4175,6035,11139,11400,98940,130.01
20171207,31240,12839,31320,11680,14250,8607,113615,98755,11090,9445,4085,6045,11139,11410,98954,129.92
20171208,31336,12706,31350,11740,14415,8715,113547,98769,11090,9360,4115,6035,11129,11400,98969,130.41
20171211,31375,13173,31540,11850,14530,8819,113449,98764,11070,9365,4165,6025,11129,11410,98974,132.01
20171212,31269,13045,31645,11775,14480,8799,113772,98828,11075,9330,4245,6035,11124,11410,98988,131.53
20171213,31515,13218,31620,11805,14420,8799,113889,98857,11105,9310,4205,6000,11114,11430,98988,131.94
20171214,31548,13026,31670,11755,14370,8720,113889,98881,11105,9430,4140,5975,11089,11455,98998,131.31
20171215,31495,13124,31545,11695,14280,8627,113987,98901,11100,9420,4155,6000,11099,11450,98998,130.87
20171218,31534,12976,31895,11740,14515,8617,114066,98867,11090,9420,4190,6005,11094,11445,98998,131.31
20171219,31544,12967,31965,11855,14485,8701,113801,98862,11090,9470,4165,6000,11054,11485,98998,131.73
20171220,31457,12770,31920,11795,14500,8710,113679,98920,11070,9475,4195,6000,11010,11530,99003,131.24
20171221,30844,12519,31820,11710,14485,8848,113625,98915,11095,9465,4215,6115,11025,11525,99017,130.48
20171222,30994,13090,31920,11710,14495,8799,113395,98794,11100,9480,4225,6085,11000,11545,99017,131.54
20171225,30994,13090,31920,11710,14495,8799,113395,98794,11100,9480,4225,6085,11000,11545,99017,131.54
20171226,30868,13173,31870,11705,14495,8755,113566,98862,11105,9600,4250,6105,10965,11585,99022,131.44
20171227,31230,13907,31890,11670,14430,8637,113419,98852,11100,9610,4340,6045,10940,11610,99047,132.47
20171228,31621,14020,31875,11645,14430,8696,113659,98891,11100,9685,4340,5965,10920,11650,99052,133.02
20171229,31621,14020,31875,11645,14430,8696,113659,98891,11100,9685,4340,5965,10920,11650,99052,133.02
20180101,31621,14020,31875,11645,14430,8696,113659,98891,11100,9685,4340,5965,10920,11650,99052,133.02
20180102,31761,14251,31770,11485,14655,8799,113635,98954,11130,9805,4410,5940,10820,11735,99081,133.71
20180103,31896,14478,31995,11490,14610,8878,113424,98930,11175,9835,4380,5925,10850,11700,99076,134.46
20180104,31645,14079,32205,11590,14885,8878,113424,98881,11145,9805,4505,5975,10825,11735,99096,134.43
20180105,32074,14621,32350,11755,15020,8947,113297,98993,11165,9870,4490,5900,10835,11720,99111,136.40
20180108,32291,15024,32560,11820,15150,8952,113155,98954,11170,9870,4470,5855,10865,11675,99111,137.66
20180109,32161,14946,32575,11860,15105,8966,112964,98940,11170,9835,4515,5875,10885,11675,99126,137.50
20180110,31953,14946,32640,11850,15085,9026,112204,98847,11170,9800,4600,5925,10930,11630,99126,137.51
20180111,31790,15477,32670,11885,15040,9040,112567,98944,11145,9835,4600,5945,10935,11620,99145,138.26
20180112,31847,16294,32860,11850,14965,9070,112459,98925,11155,9945,4610,5935,10860,11700,99150,139.54
20180115,31920,16762,33090,11845,15035,9158,112136,98823,11155,10055,4670,5915,10840,11725,99145,140.75
20180116,32171,16934,33185,11875,15195,9213,112170,98828,11160,10025,4685,5875,10835,11720,99150,141.70
20180117,32093,16427,33030,11870,15140,9227,112297,98862,11160,9980,4625,5885,10900,11660,99155,140.76
20180118,32117,16659,33255,11890,15065,9282,112449,98988,11155,9935,4640,5895,10920,11650,99175,141.33
20180119,32142,15989,33155,11895,15085,9316,112332,98969,11150,9930,4585,5885,10875,11685,99185,140.46
20180122,31814,15792,33325,11995,15100,9434,112214,98935,11185,9960,4600,5950,10915,11645,99190,140.57
20180123,32243,16309,33705,12080,15300,9607,112199,98940,11160,9995,4655,5870,10920,11635,99194,142.83
20180124,32296,16270,33690,12080,15185,9602,112415,98935,11180,10005,4690,5870,10910,11655,99199,142.61
20180125,32547,16255,33700,11980,15020,9626,112243,98935,11210,10215,4810,5820,10810,11760,99219,142.38
20180126,32677,16511,33755,11970,14990,9666,112317,98910,11200,10115,4745,5800,10860,11695,99219,142.92
20180129,32899,16856,34080,12000,14970,9493,111597,98784,11210,10070,4810,5750,10880,11685,99219,143.41
20180130,32489,16747,33700,11865,14780,9429,111254,98750,11170,9970,4715,5825,10960,11600,99214,141.96
20180131,32513,16526,33545,11855,14635,9405,111234,98813,11160,10035,4640,5820,10905,11655,99219,141.24
20180201,32523,16196,33630,11905,14895,9375,111342,98891,11150,10010,4710,5825,10945,11615,99234,141.28
20180202,31896,16156,33445,11715,14760,9483,111337,98886,11135,10055,4795,5940,11025,11520,99249,140.32
20180205,31558,15255,32620,11540,14410,9503,110999,98891,11130,9920,4720,6005,11115,11435,99244,137.34
20180206,31109,15452,30650,10935,13705,9183,111337,98940,11065,10025,4610,6095,11140,11425,99249,132.83
20180207,30323,14703,31635,11295,13600,9129,111822,98954,11015,9935,4625,6240,11095,11450,99258,132.34
20180208,30579,15476,31680,11370,13835,8966,111675,98935,11055,9790,4490,6180,11105,11445,99278,133.85
20180209,29769,14969,30865,11040,13560,8499,111376,98925,11020,9835,4395,6345,11150,11400,99268,129.70
20180212,30101,14900,31235,10995,13655,8622,111107,98886,11015,9885,4335,6275,11080,11475,99273,130.48
20180213,30333,14531,31385,11060,13455,8705,111322,98930,11050,9910,4325,6225,11080,11480,99293,130.23
20180214,30728,15004,31625,11070,13375,8666,111592,99003,11035,9955,4310,6155,11005,11560,99298,131.18
20180215,30728,15004,31625,11070,13375,8666,111592,99003,11035,9955,4310,6155,11005,11560,99298,131.18
20180216,30728,15004,31625,11070,13375,8666,111592,99003,11035,9955,4310,6155,11005,11560,99298,131.18
20180219,30888,15639,32535,11365,13975,8897,111190,98930,11075,10070,4530,6125,10905,11650,99298,135.00
20180220,30531,15265,32330,11160,13870,8912,111313,98920,11115,10000,4520,6210,10965,11590,99308,133.52
20180221,30690,15560,32145,11210,13925,8971,111411,98959,11100,9900,4460,6165,10995,11560,99308,134.27
20180222,30487,15442,31890,11180,13770,9045,111303,98969,11115,9850,4440,6205,11080,11485,99318,133.65
20180223,30965,15536,32295,11300,13800,9090,111313,99013,11095,9880,4565,6115,11020,11535,99332,134.82
20180226,31018,15600,32615,11385,14045,9158,111538,99047,11120,9990,4650,6110,10970,11590,99337,135.91
20180227,30921,15565,32905,11370,14210,9055,111758,99081,11085,9955,4640,6125,10955,11600,99347,135.97
20180228,30569,15245,32495,11235,13985,9045,111876,99051,11130,9825,4570,6190,11070,11475,99352,134.31
20180301,30569,15245,32495,11235,13985,9045,111876,99051,11130,9825,4570,6190,11070,11475,99352,134.31
20180302,30140,15329,31720,11165,13450,8971,112008,99076,11095,9825,4450,6275,11045,11505,99357,132.41
20180305,29744,15102,31675,10945,13265,8986,111798,99008,11080,9900,4460,6360,11065,11490,99362,131.06
20180306,30343,15417,32240,11060,13575,9030,111896,98993,11040,9865,4555,6225,11000,11555,99362,133.19
20180307,30381,14999,31850,10910,13495,8991,111974,99052,11115,9925,4510,6235,10935,11630,99372,131.82
20180308,30690,15299,32275,11130,13550,9035,112033,99076,11075,9865,4470,6155,10940,11640,99372,133.42
20180309,31042,15462,32455,11220,13550,9045,112038,99062,11065,9795,4400,6105,10935,11625,99377,134.24
20180312,31317,15880,33135,11250,13870,9099,111871,99042,11110,9860,4520,6035,10890,11680,99382,136.23
20180313,31462,15861,32970,11280,13970,9094,111744,99071,11080,9810,4465,6010,10915,11655,99386,136.41
20180314,31437,15866,32735,11150,13835,9021,112096,99111,11080,9855,4445,6015,10885,11675,99386,135.57
20180315,31548,15905,32605,11170,13855,9060,112224,99164,11105,9880,4465,5995,10895,11665,99401,135.79
20180316,31490,15959,32560,11200,13780,9035,112219,99140,11075,9790,4470,6010,10905,11660,99411,135.67
20180319,31264,15678,32470,11200,13645,9065,112121,99169,11085,9745,4525,6060,10960,11605,99406,134.90
20180320,31413,15974,32230,11135,13585,9045,112096,99135,11085,9800,4565,6030,10930,11630,99416,134.98
20180321,31418,15836,32195,11255,13585,9075,112185,99140,11080,9785,4635,6025,10960,11605,99411,135.09
20180322,31539,15516,32170,11115,13720,8961,112307,99233,11060,9880,4750,6005,10960,11600,99431,134.36
20180323,30487,14585,31020,10755,13110,8568,112826,99292,11070,9990,4745,6210,11045,11500,99436,128.77
20180326,30753,15186,30960,10945,13090,8651,112645,99248,11080,10020,4780,6155,11040,11520,99446,130.35
20180327,30883,15156,31570,10915,13520,8755,112626,99267,11070,10055,4775,6130,10945,11625,99441,131.74
20180328,30502,14994,30905,10800,13265,8612,113071,99306,11050,9985,4710,6210,10945,11620,99455,129.77
20180329,30753,15422,30845,10890,13445,8632,112988,99316,11040,9870,4705,6150,10905,11655,99470,131.05
20180330,30830,15407,31235,11070,13630,8710,113164,99326,11065,9945,4685,6135,10890,11685,99475,132.22
20180402,30757,15255,31150,10935,13640,8632,113017,99346,11125,9900,4740,6160,10815,11750,99475,131.44
20180403,30695,15412,30515,10895,13570,8513,112983,99399,11095,9960,4615,6170,10790,11785,99485,130.68
20180404,30222,15279,30785,10890,13540,8484,113071,99473,11040,9930,4605,6275,10840,11725,99495,130.21
20180405,30642,15388,31380,11010,13825,8528,113194,99478,11095,9875,4645,6175,10855,11725,99514,131.90
20180406,30492,15378,31165,11100,13720,8533,113336,99522,11160,9870,4610,6210,10945,11625,99524,131.65
20180409,30704,15560,31025,11130,13875,8612,113287,99502,11165,9905,4565,6170,10925,11645,99534,132.48
20180410,30733,15540,31375,11400,13905,8592,113262,99488,11110,9910,4685,6160,10925,11650,99539,133.25
20180411,30637,15570,31190,11240,13890,8745,113463,99546,11105,10010,4755,6185,10920,11655,99544,133.15
20180412,30632,15368,31255,11195,13785,8740,113605,99576,11175,10025,4895,6185,10950,11615,99559,132.64
20180413,30835,15545,31490,11300,13860,8720,113507,99600,11135,9945,4865,6145,10955,11610,99559,133.48
20180416,30859,15580,31525,11335,13895,8563,113292,99551,11150,9990,4860,6140,10995,11565,99569,133.30
20180417,30815,15575,31860,11350,13955,8469,113223,99571,11165,9980,4850,6145,10930,11640,99573,133.38
20180418,31158,15432,32030,11400,14090,8366,113081,99566,11180,9975,4890,6075,10950,11625,99573,133.58
20180419,31331,15181,32035,11385,14115,8459,112983,99566,11160,10030,5005,6050,10880,11705,99593,133.60
20180420,31124,15215,31825,11365,14135,8400,112964,99576,11180,9990,4965,6095,10935,11640,99603,133.20
20180423,31105,14930,31635,11480,14115,8356,112562,99527,11160,9920,4965,6090,10950,11620,99598,132.71
20180424,30931,14738,31595,11520,14245,8489,112547,99517,11110,9835,5045,6130,11025,11535,99603,132.91
20180425,30733,14733,31110,11390,14130,8518,112219,99502,11145,9850,4935,6165,11070,11490,99613,132.07
20180426,31119,14930,31240,11460,14180,8425,112214,99522,11115,9800,4980,6085,11075,11485,99618,132.70
20180427,31403,15127,31575,11490,14330,8371,112675,99610,11115,9785,4955,6030,11040,11535,99633,133.58
20180430,31608,14851,31650,11535,14290,8366,112689,99590,11155,9765,4945,6000,10955,11630,99642,133.39
20180501,31608,14851,31650,11535,14290,8366,112689,99590,11155,9765,4945,6000,10955,11630,99642,133.39
20180502,31383,14702,31365,11570,14290,8346,112327,99532,11145,9695,4915,6035,11035,11535,99657,132.82
20180503,31276,14574,31085,11690,14270,8405,112322,99527,11150,9715,4935,6060,11035,11530,99667,132.71
20180504,31026,14193,31075,11585,14360,8380,112194,99502,11130,9745,4975,6110,11040,11520,99672,131.82
20180507,31026,14193,31075,11585,14360,8380,112194,99502,11130,9745,4975,6110,11040,11520,99672,131.82
20180508,30884,13590,31540,11740,14355,8538,111994,99390,11150,9745,5105,6140,11045,11540,99667,131.82
20180509,30781,14149,31585,11715,14300,8597,112013,99463,11125,9720,5145,6150,11080,11485,99667,132.70
20180510,30992,14104,31940,11810,14370,8582,112160,99517,11165,9750,5220,6115,11010,11565,99687,133.28
20180511,31183,14302,32100,11805,14480,8558,112087,99532,11170,9800,5205,6075,10970,11605,99692,133.94
20180514,31119,13936,32395,11765,14575,8646,111969,99478,11160,9800,5145,6090,10955,11630,99687,133.83
20180515,30835,14144,32185,11780,14570,8651,111832,99502,11150,9735,5185,6145,11015,11565,99692,133.85
20180516,30933,14090,32035,11705,14440,8632,111920,99517,11150,9600,5185,6120,11055,11515,99701,133.34
20180517,30821,14233,32165,11800,14520,8592,112062,99639,11140,9530,5240,6170,11085,11475,99716,133.77
20180518,30918,14480,32175,11780,14565,8627,112018,99688,11135,9565,5230,6135,11060,11510,99731,134.36
20180521,30967,14440,32255,11805,14655,8740,112214,99718,11185,9525,5250,6135,11130,11440,99741,134.87
20180522,30967,14440,32255,11805,14655,8740,112214,99718,11185,9525,5250,6135,11130,11440,99741,134.87
20180523,31178,14411,32190,11790,14410,8607,112381,99737,11170,9560,5260,6090,11080,11490,99741,134.18
20180524,31080,14613,32245,11735,14280,8548,112719,99865,11145,9575,5230,6115,11080,11495,99761,134.01
20180525,31129,14747,32330,11670,14340,8479,112817,99865,11220,9660,5155,6095,11060,11515,99761,134.09
20180528,31261,14796,32280,11650,14275,8479,112719,99835,11190,9610,4855,6065,11025,11560,99765,134.09
20180529,30972,14480,32115,11455,14275,8415,112944,99869,11145,9590,4875,6130,11050,11530,99770,132.75
20180530,30312,14707,31925,11310,14015,8326,113120,99904,11140,9610,4875,6260,11090,11485,99775,131.58
20180531,30434,14767,32175,11380,14190,8361,113086,99914,11155,9645,4965,6230,11060,11525,99785,132.43
20180601,30620,14826,32075,11305,14170,8292,113047,99933,11185,9600,4890,6190,11040,11535,99790,132.22
20180604,30781,14613,32400,11425,14290,8376,112870,99894,11165,9540,4820,6155,11005,11570,99805,132.89
20180605,30850,14599,32465,11465,14410,8440,112753,99884,11175,9565,4765,6140,11000,11590,99815,133.39
20180606,30850,14599,32465,11465,14410,8440,112753,99884,11175,9565,4765,6140,11000,11590,99815,133.39
20180607,31119,14826,32850,11520,14555,8444,112630,99904,11155,9585,4760,6095,10980,11610,99829,134.54
20180608,30816,14604,32700,11330,14515,8351,112591,99933,11175,9570,4800,6150,11045,11530,99834,133.20
20180611,31085,14589,32875,11395,14575,8341,112743,99973,11210,9620,4800,6100,11045,11545,99834,133.69
20180612,31046,14648,32950,11560,14550,8425,112807,99958,11185,9610,4830,6110,11065,11520,99844,134.31
20180613,31046,14648,32950,11560,14550,8425,112807,99958,11185,9610,4830,6110,11065,11520,99844,134.31
20180614,30478,14411,32800,11475,14540,8385,112944,99958,11215,9645,4850,6220,11125,11460,99854,133.15
20180615,30326,14529,32920,11655,14615,8400,113228,100017,11295,9590,4875,6255,11265,11300,99849,133.80
20180618,29964,14090,32770,11555,14510,8400,113498,100066,11235,9480,4660,6320,11350,11225,99859,132.41
20180619,29578,13655,32480,11335,14185,8154,113708,100110,11205,9465,4745,6415,11390,11175,99859,129.69
20180620,29788,14179,32775,11425,14425,8149,113865,100100,11210,9430,4760,6355,11350,11215,99864,131.39
20180621,29534,13818,32825,11405,14520,8085,113948,100150,11230,9345,4770,6425,11420,11150,99874,130.61
20180622,29759,14010,32615,11280,14365,8060,113987,100169,11205,9390,4840,6365,11380,11185,99879,130.41
20180625,29744,14124,32465,11320,14280,8021,113963,100184,11275,9360,4995,6365,11475,11075,99884,130.31
20180626,29710,14060,32230,11215,14300,7888,113973,100189,11220,9350,4985,6375,11460,11115,99888,129.50
20180627,29602,13961,32170,11220,14250,7706,114267,100238,11215,9290,5175,6400,11485,11070,99893,128.67
20180628,29338,13645,32025,11195,14260,7612,114541,100267,11215,9260,5290,6460,11550,11020,99913,127.60
20180629,29402,13887,32230,11240,14285,7716,114458,100248,11165,9250,5340,6445,11470,11110,99913,128.57
20180702,28746,13324,31995,11145,13975,7529,114737,100326,11240,9225,5355,6585,11515,11055,99918,125.91
20180703,28785,13521,32260,11080,13945,7401,114468,100307,11230,9170,5455,6575,11510,11035,99923,125.89
20180704,28702,13566,32110,11255,13900,7425,114561,100341,11235,9290,5425,6590,11470,11105,99943,126.14
20180705,28633,13600,32105,11270,13800,7376,114757,100430,11195,9290,5365,6615,11510,11050,99957,125.87
20180706,28839,13936,32420,11455,13950,7440,114605,100420,11180,9290,5350,6565,11480,11075,99962,127.50
20180709,29054,13946,32775,11525,14135,7558,114487,100425,11205,9330,5400,6520,11440,11145,99967,128.66
20180710,29093,13917,32970,11525,14230,7642,114556,100449,11210,9285,5450,6515,11490,11095,99972,129.15
20180711,28927,13566,32795,11415,14085,7479,114801,100533,11200,9230,5415,6545,11525,11030,99982,127.49
20180712,29015,13828,32915,11410,14230,7731,114845,100498,11185,9190,5235,6525,11590,10985,99992,128.97
20180713,29304,13976,33175,11445,14505,7790,114683,100469,11215,9205,5210,6455,11555,11020,99992,130.23
20180716,29216,13917,33160,11460,14505,7726,114791,100518,11225,9185,5220,6485,11620,10970,99997,129.91
20180717,29181,13724,33030,11410,14530,7652,114747,100518,11200,9175,5045,6485,11570,11010,100007,129.23
20180718,29113,13585,33255,11420,14645,7652,114855,100523,11210,9025,5025,6505,11650,10930,100007,129.30
20180719,29035,13363,33260,11610,14625,7627,114830,100543,11210,9035,5085,6520,11655,10925,100026,129.15
20180720,29177,13240,33130,11480,14590,7701,114948,100577,11255,9020,5135,6490,11670,10910,100031,128.89
20180723,28942,12523,33105,11400,14390,7721,114928,100602,11260,9080,5115,6535,11650,10950,100036,127.15
20180724,29030,12558,33325,11465,14390,7849,114546,100562,11330,9000,5090,6525,11685,10900,100041,127.89
20180725,28976,12246,33310,11500,14525,7868,114683,100562,11330,9055,5170,6530,11595,10995,100046,127.63
20180726,29172,12597,33540,11570,14405,7780,114683,100631,11295,9075,5220,6500,11530,11030,100061,128.24
20180727,29260,12651,33635,11630,14535,7701,114600,100572,11310,9020,5230,6470,11510,11085,100061,128.55
20180730,29191,12463,33170,11595,14480,7627,114600,100567,11320,9000,5185,6495,11540,11050,100061,127.53
20180731,29230,12671,33200,11610,14475,7657,114781,100582,11280,9010,5240,6480,11520,11065,100066,128.04
20180801,29333,13048,33365,11710,14595,7578,114448,100582,11280,9005,5140,6455,11545,11040,100071,128.99
20180802,28809,12785,33175,11580,14440,7386,114531,100611,11285,8990,5110,6570,11590,10990,100090,127.04
20180803,29034,12944,33470,11590,14400,7312,114634,100636,11340,8895,5180,6520,11620,10975,100095,127.41
20180806,28990,12736,33620,11555,14420,7184,114605,100695,11340,8945,5190,6525,11580,11010,100105,126.72
20180807,29186,12874,33760,11615,14425,7287,114825,100754,11295,8910,5220,6490,11580,11015,100105,127.60
20180808,29191,12830,33815,11645,14540,7248,114781,100783,11310,8940,5210,6490,11535,11055,100115,127.68
20180809,29176,12993,33815,11575,14520,7420,115085,100867,11320,8960,5085,6490,11510,11080,100135,128.28
20180810,28858,12914,33635,11540,14315,7430,115320,100916,11360,8900,5055,6565,11630,10955,100135,127.47
20180813,28475,12419,33485,11375,13955,7425,115384,100936,11295,8910,5105,6645,11685,10910,100144,125.43
20180814,28603,12538,33555,11345,14250,7361,115232,100936,11305,8790,5110,6620,11625,10940,100149,125.97
20180815,28603,12538,33555,11345,14250,7361,115232,100936,11305,8790,5110,6620,11625,10940,100149,125.97
20180816,28323,12538,33485,11220,14225,7189,115555,100901,11380,8660,4945,6680,11650,10955,100164,124.96
20180817,28333,12785,33665,11330,14300,7090,115952,101014,11315,8660,4960,6680,11605,11005,100169,125.52
20180820,28358,12701,33770,11250,14250,7076,116099,101054,11350,8730,4990,6675,11580,11015,100179,125.20
20180821,28666,13117,33835,11305,14255,7273,116540,101290,11345,8815,5005,6605,11535,11060,100194,126.84
20180822,28769,13008,33745,11285,14235,7238,116540,101216,11325,8790,5040,6585,11535,11045,100189,126.52
20180823,28887,13132,33865,11320,14320,7273,116354,101196,11320,8785,5190,6555,11565,11040,100208,127.17
20180824,29000,13340,33865,11325,14385,7238,116437,101206,11325,8755,5235,6530,11540,11060,100208,127.60
20180827,29147,13474,34120,11430,14605,7455,116687,101211,11380,8885,5230,6495,11490,11100,100218,129.24
20180828,29167,13335,34305,11520,14620,7415,116794,101157,11350,8905,5240,6490,11445,11135,100218,129.22
20180829,29250,13459,34340,11445,14580,7366,116814,101250,11360,8865,5230,6470,11440,11155,100228,129.17
20180830,29265,13469,34460,11475,14665,7312,116750,101206,11370,8840,5320,6475,11435,11145,100228,129.29
20180831,29382,13776,34340,11395,14590,7307,117079,101314,11370,8865,5365,6445,11480,11105,100243,129.52
20180903,29211,13781,34360,11225,14565,7218,117279,101314,11355,8840,5315,6485,11455,11090,100258,128.79
20180904,29338,13994,34430,11230,14580,7332,117363,101368,11330,8805,5360,6450,11505,11110,100267,129.63
20180905,28961,13786,34225,11140,14530,7268,117471,101383,11365,8775,5285,6545,11570,11050,100272,128.47
20180906,28917,13662,34090,10970,14330,7179,117965,101428,11340,8810,5235,6560,11595,11000,100282,127.28
20180907,28755,13702,34080,10965,14335,7174,117701,101393,11340,8840,5200,6580,11585,10990,100282,127.20
20180910,28818,13677,34080,10935,14395,7120,117769,101398,11365,8780,5225,6585,11645,10950,100287,127.07
20180911,28725,13796,34140,11025,14450,7031,117720,101383,11350,8805,5190,6590,11605,10990,100292,127.22
20180912,28696,13989,34220,10975,14505,7036,117676,101437,11360,8780,5340,6590,11645,10945,100297,127.54
20180913,28735,14053,34155,10995,14645,7051,117784,101388,11355,8850,5335,6590,11585,11015,100302,127.92
20180914,29191,14232,34405,11065,14805,7095,117382,101260,11355,8860,5265,6485,11525,11060,100302,129.19
20180917,28961,14177,34315,11075,14825,7007,117147,101299,11410,8805,5280,6530,11625,10955,100302,128.66
20180918,29088,14261,34200,11030,15040,7145,116873,101274,11385,8790,5240,6500,11585,11005,100297,129.45
20180919,29113,14227,34400,11115,15230,7238,116829,101176,11385,8825,5345,6505,11565,11020,100302,130.27
20180920,29387,14083,34410,11160,15200,7258,116447,101106,11405,8860,5460,6445,11565,11045,100331,130.36
20180921,29505,14177,34710,11285,15320,7445,116422,101180,11415,8895,5385,6415,11520,11075,100322,131.76
20180924,29505,14177,34710,11285,15320,7445,116422,101180,11415,8895,5385,6415,11520,11075,100322,131.76
20180925,29505,14177,34710,11285,15320,7445,116422,101180,11415,8895,5385,6415,11520,11075,100322,131.76
20180926,29505,14177,34710,11285,15320,7445,116422,101180,11415,8895,5385,6415,11520,11075,100322,131.76
20180927,29731,14301,34365,11375,15330,7410,116843,101245,11440,8790,5535,6370,11490,11095,100336,131.99
20180928,29544,14118,34420,11400,15590,7391,117005,101225,11405,8685,5535,6405,11465,11150,100331,131.97
20181001,29539,14068,34660,11290,15655,7415,116848,101225,11430,8740,5630,6410,11480,11110,100341,131.99
20181002,29181,13494,34540,11265,15680,7332,116697,101264,11420,8775,5790,6490,11550,11035,100346,130.49
20181003,29181,13494,34540,11265,15680,7332,116697,101264,11420,8775,5790,6490,11550,11035,100346,130.49
20181004,28730,13439,34415,11220,15450,7218,116300,101146,11425,8805,5820,6595,11655,10935,100361,129.24
20181005,28686,13162,34400,11170,15355,7179,116148,101141,11425,8825,5755,6600,11660,10930,100361,128.41
20181008,28544,12998,34180,11085,15245,7238,116060,101116,11410,8795,5660,6630,11700,10905,100366,127.76
20181009,28544,12998,34180,11085,15245,7238,116060,101116,11410,8795,5660,6630,11700,10905,100366,127.76
20181010,28358,12815,34075,11040,15130,7149,116398,101146,11365,8745,5745,6675,11715,10905,100376,126.75
20181011,27186,12260,32605,10640,14600,6908,116819,101309,11325,8785,5520,6940,11810,10800,100386,121.83
20181012,27450,12746,32800,10735,14530,6908,116638,101250,11325,8940,5510,6880,11665,10905,100395,123.04
20181015,27298,12364,32500,10610,14255,6849,116721,101269,11430,9000,5495,6930,11720,10890,100390,121.32
20181016,27225,12612,32545,10695,14500,6746,116927,101269,11420,9005,5490,6950,11655,10950,100390,121.91
20181017,27578,12741,33275,10825,14725,6770,117255,101334,11415,8980,5520,6850,11630,10950,100390,123.47
20181018,27333,12503,33055,10735,14635,6647,117632,101437,11355,8965,5355,6915,11715,10895,100415,122.09
20181019,27441,12755,32865,10685,14545,6815,117392,101428,11380,9005,5275,6890,11690,10915,100420,122.76
20181022,27494,12874,32750,10725,14600,7061,117177,101378,11410,9015,5335,6875,11665,10935,100420,123.81
20181023,26857,12409,32175,10440,14105,6898,117510,101457,11350,9025,5295,7075,11745,10865,100425,120.50
20181024,26720,12062,32315,10445,14190,6913,117671,101413,11360,9045,5115,7100,11700,10925,100430,120.10
20181025,26293,11923,31580,10380,13595,6918,118127,101502,11350,9105,5085,7205,11760,10850,100445,118.15
20181026,25876,11542,31565,10285,13515,6874,118343,101487,11320,9080,5100,7325,11800,10805,100445,116.77
20181029,25665,11220,31435,10395,13550,6701,118769,101620,11290,9055,5150,7380,11795,10855,100440,115.76
20181030,25843,11438,31365,10490,13840,6805,118622,101546,11315,9000,5155,7325,11765,10825,100459,117.11
20181031,25961,11235,31810,10535,14115,6854,118215,101521,11265,8945,5105,7300,11790,10840,100464,117.75
20181101,25852,11270,31985,10615,13990,6884,118245,101457,11270,8970,4990,7335,11775,10855,100484,117.89
20181102,26831,11910,32580,10705,14335,7120,117916,101368,11305,9055,4900,7060,11605,11000,100489,121.44
20181105,26536,11950,32085,10650,14000,7061,117946,101452,11335,9050,4825,7115,11620,10985,100489,120.24
20181106,26723,11895,32335,10665,14225,6977,117916,101467,11280,9010,4825,7075,11620,10985,100504,120.55
20181107,26585,11736,32580,10715,14205,6953,118191,101467,11315,9025,4745,7115,11615,10985,100509,120.33
20181108,26811,11860,33170,10850,14445,6913,118269,101512,11330,8985,4750,7055,11550,11040,100528,121.55
20181109,26649,11642,33095,10760,14330,6825,118436,101526,11340,8950,4675,7095,11670,10945,100538,120.43
20181112,26718,11245,32940,10770,14230,6943,118749,101536,11330,8855,4695,7080,11730,10890,100538,119.92
20181113,26516,11270,32330,10610,14060,6962,118632,101512,11320,8835,4550,7135,11720,10880,100543,118.97
20181114,26448,11279,32175,10665,14020,6943,118857,101635,11265,8830,4255,7150,11720,10900,100553,118.83
20181115,26713,11582,31935,10680,14020,6997,118563,101596,11270,8900,4320,7080,11685,10925,100558,119.59
20181116,26693,11746,32140,10675,13985,7021,118597,101615,11255,8905,4375,7090,11665,10915,100568,120.00
20181119,26787,12044,32210,10545,14035,7061,118906,101650,11270,8920,4380,7060,11675,10905,100558,120.56
20181120,26521,11741,31725,10420,13820,6948,118857,101665,11245,8955,4350,7130,11650,10955,100568,118.69
20181121,26393,11875,31265,10390,13830,6953,118759,101670,11165,8955,4150,7165,11700,10890,100563,118.50
20181122,26364,11855,31310,10450,13930,6962,118837,101694,11190,9010,4165,7175,11685,10915,100582,118.76
20181123,26197,11677,31120,10360,13940,6839,119121,101769,11195,9005,4060,7235,11700,10915,100587,117.71
20181126,26551,11960,31200,10475,13990,6770,119224,101773,11200,8985,3910,7130,11680,10935,100587,118.59
20181127,26757,12024,31425,10560,14030,6756,119347,101833,11195,8960,3925,7085,11690,10930,100582,119.17
20181128,26920,11999,31750,10530,14200,6825,119337,101828,11175,8910,3990,7040,11660,10940,100592,119.84
20181129,26969,11826,32235,10565,14235,6780,119660,101922,11205,8990,3855,7025,11585,11010,100607,119.88
20181130,26718,11880,32335,10540,14275,6785,119837,101932,11225,8970,3925,7090,11615,11010,100597,119.87
20181203,27185,12267,33100,10725,14445,6982,119626,101882,11240,8995,4095,6965,11500,11080,100617,122.51
20181204,26880,12153,32685,10590,14095,6967,119920,101882,11245,9075,4085,7050,11450,11135,100622,121.04
20181205,26718,11999,31900,10480,14015,6977,120263,101937,11300,9050,4015,7085,11535,11060,100632,119.88
20181206,26320,11582,31450,10320,13800,6829,121003,102110,11255,9070,3990,7190,11610,11010,100646,117.57
20181207,26408,11771,31670,10270,13980,6829,120959,102130,11180,9070,3905,7165,11595,11015,100651,118.26
20181210,26162,11523,30895,10035,13695,6810,120983,102125,11240,9155,4010,7235,11670,10960,100656,116.27
20181211,26098,11329,31075,10045,13645,6825,120910,102155,11190,9145,3900,7245,11700,10920,100661,116.00
20181212,26438,11682,31375,10205,13860,6903,120684,102150,11215,9090,3990,7145,11675,10920,100666,117.87
20181213,26575,11687,31425,10290,14000,6972,120567,102175,11230,9095,3925,7120,11635,10985,100686,118.57
20181214,26152,11334,30975,10215,13825,6898,120699,102190,11225,9060,3975,7240,11710,10905,100686,116.78
20181217,26226,11319,30810,10235,13825,6908,120880,102210,11245,9065,3920,7210,11720,10895,100691,116.77
20181218,26133,11274,30125,10125,13550,6815,120919,102244,11205,9105,3750,7240,11695,10920,100701,115.33
20181219,26305,11562,30085,10155,13565,6731,121404,102284,11180,9130,3565,7190,11635,10950,100710,115.76
20181220,26074,11503,29780,9950,13060,6623,121571,102269,11180,9105,3575,7270,11690,10910,100725,113.88
20181221,26049,11652,29240,9910,13000,6495,121174,102200,11055,9215,3510,7270,11645,10965,100730,113.24
20181224,26059,11607,28600,9895,12880,6534,120954,102190,11020,9240,3480,7265,11670,10965,100730,112.67
20181225,26059,11607,28600,9895,12880,6534,120954,102190,11020,9240,3480,7265,11670,10965,100730,112.67
20181226,25720,11721,27585,9610,12395,6470,121130,102249,11030,9325,3255,7375,11675,10950,100735,110.51
20181227,26039,11696,28975,9895,12930,6490,121385,102279,10970,9285,3495,7280,11630,10995,100765,113.03
20181228,26147,11756,29330,9890,12935,6535,121370,102239,11000,9350,3490,7240,11600,11045,100770,113.56
20181231,26147,11756,29330,9890,12935,6535,121370,102239,11000,9350,3490,7240,11600,11045,100770,113.56
20190101,26147,11756,29330,9890,12935,6535,121370,102239,11000,9350,3490,7240,11600,11045,100770,113.56
20190102,25843,11463,29260,9885,12810,6465,121355,102334,11035,9400,3405,7325,11620,11005,100785,112.43
20190103,25592,11200,29025,9820,12945,6405,121395,102373,11020,9440,3470,7415,11710,10905,100805,111.57
20190104,25788,11409,29055,9890,12545,6535,121105,102309,11025,9460,3590,7345,11675,10955,100815,112.01
20190107,26157,11493,29890,10110,12800,6625,121155,102319,11165,9425,3690,7240,11615,11005,100825,114.00
20190108,25985,11354,30085,10075,12965,6615,121005,102314,11170,9380,3675,7290,11665,10955,100830,113.92
20190109,26521,11543,30400,10180,13200,6760,120830,102363,11205,9350,3810,7145,11650,10970,100840,115.79
20190110,26511,11617,30260,10160,13015,6770,121205,102418,11305,9460,3880,7145,11615,10995,100850,115.53
20190111,26674,11592,30525,10215,13100,6830,121035,102443,11240,9450,3925,7095,11585,11020,100855,116.18
20190114,26443,11418,30290,10115,13160,6750,121130,102448,11280,9435,3830,7165,11660,10970,100860,115.25
20190115,26974,11582,30605,10235,13265,6855,121330,102458,11270,9430,3840,7015,11635,10995,100870,116.79
20190116,27092,11543,30770,10250,13200,6875,121265,102438,11265,9430,3885,6990,11630,10970,100875,116.90
20190117,27151,11349,30680,10225,13155,6875,121285,102502,11285,9430,3885,6980,11640,10970,100885,116.45
20190118,27357,11567,31125,10295,13225,6940,120980,102493,11295,9430,3930,6920,11645,10980,100885,117.67
20190121,27372,11488,31395,10360,13395,7045,120855,102488,11370,9370,3970,6920,11705,10920,100890,118.39
20190122,27234,11488,31215,10415,13255,6960,120990,102468,11320,9310,3920,6955,11730,10885,100890,117.83
20190123,27392,11438,31045,10290,13255,6910,121125,102537,11320,9375,3960,6910,11710,10920,100895,117.38
20190124,27618,11652,31040,10320,13280,6990,121195,102557,11310,9340,3900,6860,11725,10890,100910,118.22
20190125,28120,11766,31200,10420,13350,7030,121005,102493,11345,9355,3970,6725,11645,10985,100915,119.28
20190128,28105,11830,31245,10460,13345,7020,120870,102651,11370,9500,3915,6735,11615,11015,100910,119.45
20190129,28238,11791,31070,10425,13355,7025,120730,102512,11310,9510,3875,6715,11595,11020,100910,119.33
20190130,28582,11925,31090,10500,13280,7050,120545,102507,11335,9585,3950,6635,11600,11030,100920,119.91
20190131,28553,12004,31600,10555,13435,7050,120840,102592,11365,9625,3985,6645,11575,11050,100955,120.69
20190201,28523,12004,31825,10485,13375,7110,121160,102617,11410,9615,3950,6665,11635,11000,100955,120.76
20190204,28523,12004,31825,10485,13375,7110,121160,102617,11410,9615,3950,6665,11635,11000,100955,120.76
20190205,28523,12004,31825,10485,13375,7110,121160,102617,11410,9615,3950,6665,11635,11000,100955,120.76
20190206,28523,12004,31825,10485,13375,7110,121160,102617,11410,9615,3950,6665,11635,11000,100955,120.76
20190207,28523,12248,32080,10630,13290,7195,121190,102651,11475,9505,4025,6655,11685,10955,100970,121.72
20190208,28120,12218,31670,10410,13020,7130,121405,102696,11505,9525,3925,6750,11680,10950,100980,120.11
20190211,28169,12352,31850,10475,13175,7245,121590,102721,11450,9565,3935,6740,11695,10945,100985,121.17
20190212,28322,12238,32070,10530,13430,7325,121370,102706,11420,9540,3960,6700,11680,10930,100990,121.95
20190213,28464,12422,32465,10625,13680,7455,121230,102691,11445,9570,4025,6670,11665,10960,100990,123.53
20190214,28740,12442,32475,10660,13680,7465,121295,102711,11430,9530,4075,6610,11695,10930,101010,123.86
20190215,28361,12367,32195,10545,13530,7390,121540,102761,11450,9550,4095,6695,11725,10905,101015,122.63
20190218,28567,12486,32720,10740,13650,7560,121340,102736,11490,9635,4185,6640,11710,10920,101020,124.34
20190219,28435,12566,32705,10740,13765,7570,121295,102751,11495,9645,4195,6670,11730,10905,101020,124.57
20190220,28764,12611,32735,10745,13750,7640,121275,102746,11475,9755,4190,6595,11690,10945,101025,125.08
20190221,28764,12541,32890,10815,13875,7720,121120,102746,11485,9750,4215,6595,11700,10935,101035,125.61
20190222,28779,12496,32685,10825,13835,7745,121150,102751,11485,9640,4220,6590,11705,10935,101035,125.44
20190225,28838,12645,32980,10880,13925,8255,121150,102751,11520,9700,4225,6580,11670,10975,101040,127.54
20190226,28730,12591,32810,10840,13860,8255,121125,102746,11520,9665,4085,6600,11630,10995,101045,127.08
20190227,28823,12685,32850,10900,13825,8160,121335,102870,11520,9660,4155,6580,11635,11005,101070,127.16
20190228,28336,12452,32815,10835,13785,8100,121395,102775,11520,9575,4190,6695,11705,10940,101065,126.04
20190301,28336,12452,32815,10835,13785,8100,121395,102775,11520,9575,4190,6695,11705,10940,101065,126.04
20190304,28199,12794,33175,11095,14110,8350,121020,102671,11520,9405,4160,6725,11710,10935,101075,128.40
20190305,28002,12760,32920,11040,13925,8350,120980,102746,11520,9340,4170,6780,11715,10935,101085,127.64
20190306,27923,12630,32810,11035,13865,8460,121090,102770,11540,9370,4175,6800,11745,10900,101080,127.47
20190307,27839,12382,32580,11005,13885,8450,121320,102840,11510,9350,4180,6820,11745,10900,101095,126.79
20190308,27461,12392,32275,10955,13545,8190,121585,102875,11575,9400,4160,6915,11820,10825,101105,125.06
20190311,27480,12506,32380,10905,13600,8240,121505,102870,11510,9450,4170,6905,11810,10845,101115,125.45
20190312,27761,12839,32820,11015,13885,8340,121400,102870,11510,9420,4195,6835,11755,10895,101115,127.40
20190313,27559,12819,32855,10940,13745,8350,121705,102930,11525,9495,4220,6885,11790,10870,101120,126.91
20190314,27633,12695,33130,11025,13775,8240,121620,102950,11540,9465,4270,6870,11825,10835,101135,126.87
20190315,27953,12526,33150,11090,13895,8385,121500,102920,11570,9460,4275,6795,11845,10820,101135,127.52
20190318,27977,12571,33335,11295,13960,8550,121415,102865,11585,9450,4270,6790,11795,10870,101150,128.65
20190319,27948,12407,33395,11210,13965,8480,121600,102925,11595,9490,4285,6795,11780,10880,101145,128.06
20190320,27982,12422,33385,11225,13865,8510,121610,102890,11620,9495,4295,6790,11775,10890,101150,128.05
20190321,28174,12258,33260,11190,13965,8525,122005,103029,11630,9590,4330,6740,11745,10900,101170,127.96
20190322,28238,12263,33615,11150,13930,8535,122110,103015,11590,9535,4315,6725,11775,10885,101175,128.14
20190325,27692,11975,32885,10945,13575,8390,122570,103129,11610,9575,4220,6870,11820,10840,101180,125.46
20190326,27712,12129,33060,10990,13855,8280,122345,103074,11610,9600,4260,6865,11815,10850,101185,126.10
20190327,27707,11925,33305,11030,13700,8385,122915,103204,11590,9545,4280,6855,11825,10835,101195,126.01
20190328,27554,11786,32970,11015,13690,8335,123360,103378,11585,9520,4250,6910,11850,10815,101205,125.27
20190329,27717,12064,33245,11045,13810,8635,123310,103328,11585,9350,4275,6870,11835,10825,101225,127.05
20190401,28085,12109,33590,11165,13910,8810,122930,103308,11585,9375,4325,6770,11810,10845,101220,128.44
20190402,28194,12099,33740,11225,13990,8850,122970,103363,11595,9345,4370,6750,11850,10825,101225,128.94
20190403,28607,12322,33910,11360,14135,8910,122765,103328,11640,9390,4430,6640,11830,10845,101240,130.38
20190404,28636,12293,33825,11420,14110,9020,122850,103353,11605,9385,4400,6630,11850,10820,101255,130.64
20190405,28690,12213,33980,11450,14200,9100,122660,103313,11620,9355,4380,6615,11850,10825,101265,131.03
20190408,28622,12168,34035,11395,14065,9075,123000,103393,11615,9415,4475,6640,11925,10740,101265,130.56
20190409,28671,12238,34070,11325,14140,9070,122875,103383,11695,9425,4535,6625,11915,10760,101265,130.72
20190410,28818,12293,33985,11280,14130,9155,122905,103388,11710,9470,4525,6595,11880,10800,101275,130.98
20190411,28754,12377,34075,11315,14120,9015,122930,103423,11710,9485,4530,6615,11890,10795,101280,130.85
20190412,28823,12347,34075,11400,14155,8900,122850,103403,11720,9390,4515,6590,11890,10790,101285,130.79
20190415,28941,12342,34270,11420,14400,8945,122455,103363,11695,9340,4500,6565,11820,10855,101290,131.52
20190416,29054,12357,34310,11420,14370,9070,122380,103383,11725,9315,4470,6545,11860,10825,101295,131.92
20190417,29035,12337,34315,11465,14405,9115,122180,103348,11675,9260,4565,6545,11855,10830,101300,132.12
20190418,28572,12089,34060,11470,14315,9110,122760,103483,11680,9195,4515,6650,11875,10815,101310,131.03
20190419,28577,12238,34290,11605,14380,9145,122700,103453,11700,9240,4515,6645,11875,10815,101315,131.89
20190422,28582,12273,34180,11635,14450,9055,122340,103373,11700,9275,4620,6650,11930,10775,101325,131.83
20190423,28631,12248,34290,11655,14395,9040,122485,103448,11690,9220,4665,6635,11930,10775,101330,131.81
20190424,28322,12193,34545,11610,14350,9030,122565,103483,11670,9200,4660,6715,12005,10695,101335,131.46
20190425,28277,12069,34535,11580,14475,8990,123040,103562,11680,9250,4655,6720,12115,10595,101350,131.24
20190426,28110,11915,34420,11555,14540,8870,122975,103572,11680,9285,4585,6760,12130,10580,101345,130.51
20190429,28675,12120,34660,11660,14425,8965,123105,103607,11685,9310,4435,6630,12110,10615,101355,131.73
20190430,28495,12150,34620,11665,14490,8950,123295,103652,11675,9300,4470,6670,12210,10520,101370,131.70
20190501,28495,12150,34620,11665,14490,8950,123295,103652,11675,9300,4470,6670,12210,10520,101370,131.70
20190502,28620,12165,34470,11710,14500,8955,122925,103547,11665,9215,4465,6645,12185,10540,101385,131.84
20190503,28365,12175,34415,11645,14525,8985,122780,103547,11660,9200,4355,6705,12225,10505,101390,131.61
20190506,28365,12175,34415,11645,14525,8985,122780,103547,11660,9200,4355,6705,12225,10505,101390,131.61
20190507,28140,12005,34500,11450,14330,8515,122920,103647,11725,9300,4400,6765,12200,10515,101395,129.38
20190508,28010,11830,34050,11330,14095,8400,122970,103662,11715,9315,4375,6790,12225,10515,101400,127.81
20190509,27190,11510,33830,11365,13985,8285,123150,103692,11710,9290,4350,6995,12325,10420,101430,126.08
20190510,27240,11510,33800,11230,13950,8485,123095,103682,11710,9305,4390,6985,12300,10445,101420,126.31
20190513,26920,11185,33660,11180,13845,8285,123045,103687,11675,9300,4365,7070,12405,10345,101445,124.63
20190514,26870,11220,33205,11145,13750,8315,123095,103712,11655,9405,4320,7080,12435,10330,101435,124.24
20190515,26995,11525,33550,11270,13825,8540,123185,103707,11670,9375,4330,7050,12440,10335,101445,126.02
20190516,26615,11310,33530,11270,13750,8525,123565,103841,11665,9390,4420,7145,12465,10315,101460,125.17
20190517,26440,11205,33775,11380,13880,8335,123610,103831,11660,9325,4455,7200,12500,10275,101470,124.93
20190520,26510,10975,33790,11460,13910,8155,123345,103806,11690,9240,4495,7180,12490,10285,101485,124.31
20190521,26640,11030,33625,11280,13900,8340,123535,103836,11690,9230,4480,7145,12485,10280,101490,124.54
20190522,26700,11050,33715,11370,13900,8285,123515,103836,11680,9210,4405,7130,12490,10280,101485,124.71
20190523,26665,10830,33480,11300,13780,8180,123770,103891,11640,9225,4285,7145,12445,10325,101500,123.56
20190524,26470,10725,33335,11190,13665,8180,123995,103951,11630,9285,4125,7190,12435,10330,101515,122.74
20190527,26490,10745,33380,11260,13835,8260,123850,103921,11660,9310,4130,7190,12390,10365,101515,123.41
20190528,26530,10980,33405,11330,13900,8285,123900,103936,11660,9285,4170,7180,12420,10340,101515,124.19
20190529,26170,10725,32845,11075,13710,8340,124430,104036,11630,9285,4120,7280,12500,10280,101525,122.47
20190530,26410,10725,32815,11120,13690,8230,124500,104011,11625,9240,4170,7215,12450,10315,101540,122.42
20190531,26365,10880,32595,11080,13475,8250,125075,104125,11620,9350,3960,7235,12470,10310,101540,122.20
20190603,26800,10925,32285,10990,13335,8190,124995,104140,11585,9490,3755,7105,12375,10385,101570,121.90
20190604,26750,10940,32405,11020,13335,8135,125095,104155,11580,9595,3740,7120,12380,10380,101585,121.89
20190605,26780,11000,33085,11235,13440,8165,125460,104170,11620,9620,3735,7110,12345,10405,101595,123.08
20190606,26780,11000,33085,11235,13440,8165,125460,104170,11620,9620,3735,7110,12345,10405,101595,123.08
20190607,26790,11065,33580,11235,13650,8080,125410,104240,11640,9605,3750,7110,12375,10390,101600,123.62
20190610,27180,11130,33985,11395,13830,8235,125220,104235,11650,9580,3820,7000,12415,10360,101615,125.25
20190611,27335,11255,34105,11390,13870,8460,124950,104215,11670,9595,3800,6965,12370,10395,101625,126.30
20190612,27240,11135,33895,11415,13820,8370,125685,104410,11665,9655,3695,6995,12390,10375,101630,125.62
20190613,27015,11255,33880,11370,13620,8335,125705,104375,11660,9670,3655,7045,12390,10380,101660,125.19
20190614,27010,11005,34075,11440,13675,8320,125810,104400,11650,9750,3705,7045,12400,10355,101660,125.02
20190617,27025,10950,34105,11385,13820,8315,125645,104365,11680,9685,3710,7045,12430,10345,101680,125.05
20190618,27160,10830,34010,11380,13695,8350,125645,104380,11660,9740,3650,7010,12420,10355,101670,124.76
20190619,27500,10920,34395,11650,13960,8425,125835,104400,11670,9720,3820,6920,12325,10435,101670,126.51
20190620,27595,11080,34630,11640,14040,8610,126345,104540,11670,9990,3885,6895,12180,10565,101695,127.60
20190621,27520,10950,34710,11660,13905,8615,126215,104515,11735,10080,3990,6920,12190,10550,101705,127.19
20190624,27565,10890,34795,11695,13800,8630,126280,104500,11735,10150,4070,6905,12120,10610,101710,127.10
20190625,27525,10815,34620,11570,13865,8445,125990,104455,11760,10310,4050,6920,12125,10595,101705,126.24
20190626,27555,10775,34350,11550,13655,8475,125735,104380,11750,10170,4130,6910,12130,10605,101710,125.74
20190627,27890,10465,34430,11645,13865,8605,125745,104395,11715,10145,4140,6830,12150,10595,101710,126.25
20190628,27820,10235,34470,11570,13910,8550,125940,104405,11765,10220,4135,6840,12120,10620,101725,125.56
20190701,27825,10515,35010,11800,14105,8825,125895,104445,11740,9995,4215,6840,12145,10575,101720,127.85
20190702,27670,10385,34920,11795,14135,8850,125975,104425,11725,10035,4160,6880,12240,10515,101730,127.51
20190703,27315,10370,35000,11825,14185,8785,126475,104550,11735,10290,3960,6975,12295,10475,101735,127.23
20190704,27545,10320,35320,11890,14230,8750,126650,104565,11725,10215,3980,6915,12270,10480,101755,127.60
20190705,27505,10440,35340,11885,14235,8800,126660,104595,11735,10195,3965,6920,12290,10465,101760,127.94